none	( call SW.listValue ( call SW.getProperty ( ( lambda s ( call SW.filter ( var s ) ( call SW.ensureNumericProperty ( string num_points ) ) ( string >= ) ( call SW.ensureNumericEntity ( call SW.getProperty ( call SW.getProperty en.player.kobe_bryant ( call SW.reverse ( string player ) ) ) ( string num_points ) ) ) ) ) ( call SW.domain ( string player ) ) ) ( string player ) ) )
none	( call SW.listValue ( call SW.getProperty ( ( lambda s ( call SW.filter ( var s ) ( call SW.ensureNumericProperty ( string num_turnovers ) ) ( string >= ) ( call SW.ensureNumericEntity ( call SW.getProperty ( call SW.getProperty en.player.kobe_bryant ( call SW.reverse ( string player ) ) ) ( string num_turnovers ) ) ) ) ) ( call SW.domain ( string player ) ) ) ( string player ) ) )
none	( call SW.listValue ( call SW.getProperty ( ( lambda s ( call SW.filter ( var s ) ( call SW.ensureNumericProperty ( string num_assists ) ) ( string < ) ( call SW.ensureNumericEntity ( call SW.getProperty ( call SW.getProperty en.player.kobe_bryant ( call SW.reverse ( string player ) ) ) ( string num_assists ) ) ) ) ) ( call SW.domain ( string player ) ) ) ( string player ) ) )
none	( call SW.listValue ( call SW.getProperty ( ( lambda s ( call SW.filter ( var s ) ( call SW.ensureNumericProperty ( string num_turnovers ) ) ( string > ) ( call SW.ensureNumericEntity ( call SW.getProperty ( call SW.getProperty en.player.kobe_bryant ( call SW.reverse ( string player ) ) ) ( string num_turnovers ) ) ) ) ) ( call SW.domain ( string player ) ) ) ( string player ) ) )
none	( call SW.listValue ( call SW.getProperty ( ( lambda s ( call SW.filter ( var s ) ( call SW.ensureNumericProperty ( string num_points ) ) ( string <= ) ( call SW.ensureNumericEntity ( call SW.getProperty ( call SW.getProperty en.player.kobe_bryant ( call SW.reverse ( string player ) ) ) ( string num_points ) ) ) ) ) ( call SW.domain ( string player ) ) ) ( string player ) ) )
none	( call SW.listValue ( call SW.getProperty ( ( lambda s ( call SW.filter ( var s ) ( call SW.ensureNumericProperty ( string num_steals ) ) ( string >= ) ( call SW.ensureNumericEntity ( call SW.getProperty ( call SW.getProperty en.player.kobe_bryant ( call SW.reverse ( string player ) ) ) ( string num_steals ) ) ) ) ) ( call SW.domain ( string player ) ) ) ( string player ) ) )
none	( call SW.listValue ( call SW.getProperty ( ( lambda s ( call SW.filter ( var s ) ( call SW.ensureNumericProperty ( string num_turnovers ) ) ( string <= ) ( call SW.ensureNumericEntity ( call SW.getProperty ( call SW.getProperty en.player.kobe_bryant ( call SW.reverse ( string player ) ) ) ( string num_turnovers ) ) ) ) ) ( call SW.domain ( string player ) ) ) ( string player ) ) )
none	( call SW.listValue ( call SW.getProperty ( ( lambda s ( call SW.filter ( var s ) ( call SW.ensureNumericProperty ( string num_blocks ) ) ( string < ) ( call SW.ensureNumericEntity ( call SW.getProperty ( call SW.getProperty en.player.kobe_bryant ( call SW.reverse ( string player ) ) ) ( string num_blocks ) ) ) ) ) ( call SW.domain ( string player ) ) ) ( string player ) ) )
none	( call SW.listValue ( call SW.getProperty ( ( lambda s ( call SW.filter ( var s ) ( call SW.ensureNumericProperty ( string num_assists ) ) ( string > ) ( call SW.ensureNumericEntity ( call SW.getProperty ( call SW.getProperty en.player.kobe_bryant ( call SW.reverse ( string player ) ) ) ( string num_assists ) ) ) ) ) ( call SW.domain ( string player ) ) ) ( string player ) ) )
none	( call SW.listValue ( call SW.getProperty ( ( lambda s ( call SW.filter ( var s ) ( call SW.ensureNumericProperty ( string num_blocks ) ) ( string > ) ( call SW.ensureNumericEntity ( call SW.getProperty ( call SW.getProperty en.player.kobe_bryant ( call SW.reverse ( string player ) ) ) ( string num_blocks ) ) ) ) ) ( call SW.domain ( string player ) ) ) ( string player ) ) )
none	( call SW.listValue ( call SW.getProperty ( ( lambda s ( call SW.filter ( var s ) ( call SW.ensureNumericProperty ( string num_blocks ) ) ( string >= ) ( call SW.ensureNumericEntity ( call SW.getProperty ( call SW.getProperty en.player.kobe_bryant ( call SW.reverse ( string player ) ) ) ( string num_blocks ) ) ) ) ) ( call SW.domain ( string player ) ) ) ( string player ) ) )
none	( call SW.listValue ( call SW.getProperty ( ( lambda s ( call SW.filter ( var s ) ( call SW.ensureNumericProperty ( string num_games_played ) ) ( string < ) ( call SW.ensureNumericEntity ( call SW.getProperty ( call SW.getProperty en.player.kobe_bryant ( call SW.reverse ( string player ) ) ) ( string num_games_played ) ) ) ) ) ( call SW.domain ( string player ) ) ) ( string player ) ) )
none	( call SW.listValue ( call SW.getProperty ( ( lambda s ( call SW.filter ( var s ) ( call SW.ensureNumericProperty ( string num_assists ) ) ( string >= ) ( call SW.ensureNumericEntity ( call SW.getProperty ( call SW.getProperty en.player.kobe_bryant ( call SW.reverse ( string player ) ) ) ( string num_assists ) ) ) ) ) ( call SW.domain ( string player ) ) ) ( string player ) ) )
none	( call SW.listValue ( call SW.getProperty ( ( lambda s ( call SW.filter ( var s ) ( call SW.ensureNumericProperty ( string num_points ) ) ( string < ) ( call SW.ensureNumericEntity ( call SW.getProperty ( call SW.getProperty en.player.kobe_bryant ( call SW.reverse ( string player ) ) ) ( string num_points ) ) ) ) ) ( call SW.domain ( string player ) ) ) ( string player ) ) )
none	( call SW.listValue ( call SW.getProperty ( ( lambda s ( call SW.filter ( var s ) ( call SW.ensureNumericProperty ( string num_steals ) ) ( string > ) ( call SW.ensureNumericEntity ( call SW.getProperty ( call SW.getProperty en.player.kobe_bryant ( call SW.reverse ( string player ) ) ) ( string num_steals ) ) ) ) ) ( call SW.domain ( string player ) ) ) ( string player ) ) )
none	( call SW.listValue ( call SW.getProperty ( ( lambda s ( call SW.filter ( var s ) ( call SW.ensureNumericProperty ( string num_turnovers ) ) ( string < ) ( call SW.ensureNumericEntity ( call SW.getProperty ( call SW.getProperty en.player.kobe_bryant ( call SW.reverse ( string player ) ) ) ( string num_turnovers ) ) ) ) ) ( call SW.domain ( string player ) ) ) ( string player ) ) )
none	( call SW.listValue ( call SW.getProperty ( ( lambda s ( call SW.filter ( var s ) ( call SW.ensureNumericProperty ( string num_assists ) ) ( string <= ) ( call SW.ensureNumericEntity ( call SW.getProperty ( call SW.getProperty en.player.kobe_bryant ( call SW.reverse ( string player ) ) ) ( string num_assists ) ) ) ) ) ( call SW.domain ( string player ) ) ) ( string player ) ) )
none	( call SW.listValue ( call SW.getProperty ( ( lambda s ( call SW.filter ( var s ) ( call SW.ensureNumericProperty ( string num_points ) ) ( string > ) ( call SW.ensureNumericEntity ( call SW.getProperty ( call SW.getProperty en.player.kobe_bryant ( call SW.reverse ( string player ) ) ) ( string num_points ) ) ) ) ) ( call SW.domain ( string player ) ) ) ( string player ) ) )
none	( call SW.listValue ( call SW.getProperty ( ( lambda s ( call SW.filter ( var s ) ( call SW.ensureNumericProperty ( string num_blocks ) ) ( string <= ) ( call SW.ensureNumericEntity ( call SW.getProperty ( call SW.getProperty en.player.kobe_bryant ( call SW.reverse ( string player ) ) ) ( string num_blocks ) ) ) ) ) ( call SW.domain ( string player ) ) ) ( string player ) ) )
none	( call SW.listValue ( call SW.getProperty ( call SW.filter ( call SW.getProperty en.player.kobe_bryant ( call SW.reverse ( string player ) ) ) ( string num_assists ) ( string = ) ( number 3 assist ) ) ( string num_turnovers ) ) )
none	( call SW.listValue ( call SW.getProperty ( ( lambda s ( call SW.filter ( var s ) ( string num_points ) ( string = ) ( call SW.getProperty ( call SW.getProperty en.player.kobe_bryant ( call SW.reverse ( string player ) ) ) ( string num_points ) ) ) ) ( call SW.domain ( string player ) ) ) ( string player ) ) )
none	( call SW.listValue ( call SW.getProperty ( call SW.filter ( call SW.getProperty en.player.kobe_bryant ( call SW.reverse ( string player ) ) ) ( string num_assists ) ( string = ) ( number 3 assist ) ) ( string num_assists ) ) )
none	( call SW.listValue ( call SW.getProperty ( ( lambda s ( call SW.filter ( var s ) ( call SW.ensureNumericProperty ( string num_games_played ) ) ( string > ) ( call SW.ensureNumericEntity ( call SW.getProperty ( call SW.getProperty en.player.kobe_bryant ( call SW.reverse ( string player ) ) ) ( string num_games_played ) ) ) ) ) ( call SW.domain ( string player ) ) ) ( string player ) ) )
none	( call SW.listValue ( call SW.getProperty ( call SW.filter ( call SW.getProperty en.player.kobe_bryant ( call SW.reverse ( string player ) ) ) ( string num_assists ) ( string = ) ( number 3 assist ) ) ( string num_points ) ) )
none	( call SW.listValue ( call SW.getProperty ( ( lambda s ( call SW.filter ( var s ) ( string num_games_played ) ( string = ) ( call SW.getProperty ( call SW.getProperty en.player.kobe_bryant ( call SW.reverse ( string player ) ) ) ( string num_games_played ) ) ) ) ( call SW.domain ( string player ) ) ) ( string player ) ) )
none	( call SW.listValue ( call SW.getProperty ( ( lambda s ( call SW.filter ( var s ) ( string num_assists ) ( string = ) ( call SW.getProperty ( call SW.getProperty en.player.kobe_bryant ( call SW.reverse ( string player ) ) ) ( string num_assists ) ) ) ) ( call SW.domain ( string player ) ) ) ( string player ) ) )
none	( call SW.listValue ( call SW.getProperty ( ( lambda s ( call SW.filter ( var s ) ( call SW.ensureNumericProperty ( string num_games_played ) ) ( string <= ) ( call SW.ensureNumericEntity ( call SW.getProperty ( call SW.getProperty en.player.kobe_bryant ( call SW.reverse ( string player ) ) ) ( string num_games_played ) ) ) ) ) ( call SW.domain ( string player ) ) ) ( string player ) ) )
none	( call SW.listValue ( call SW.getProperty ( ( lambda s ( call SW.filter ( var s ) ( call SW.ensureNumericProperty ( string num_steals ) ) ( string < ) ( call SW.ensureNumericEntity ( call SW.getProperty ( call SW.getProperty en.player.kobe_bryant ( call SW.reverse ( string player ) ) ) ( string num_steals ) ) ) ) ) ( call SW.domain ( string player ) ) ) ( string player ) ) )
none	( call SW.listValue ( call SW.getProperty ( call SW.filter ( call SW.getProperty en.player.kobe_bryant ( call SW.reverse ( string player ) ) ) ( string num_turnovers ) ( string = ) ( number 3 turnover ) ) ( string num_assists ) ) )
none	( call SW.listValue ( call SW.getProperty ( call SW.filter ( call SW.getProperty en.player.kobe_bryant ( call SW.reverse ( string player ) ) ) ( string num_games_played ) ( string = ) ( number 3 game ) ) ( string num_points ) ) )
none	( call SW.listValue ( call SW.getProperty ( ( lambda s ( call SW.filter ( var s ) ( call SW.ensureNumericProperty ( string num_games_played ) ) ( string >= ) ( call SW.ensureNumericEntity ( call SW.getProperty ( call SW.getProperty en.player.kobe_bryant ( call SW.reverse ( string player ) ) ) ( string num_games_played ) ) ) ) ) ( call SW.domain ( string player ) ) ) ( string player ) ) )
none	( call SW.listValue ( call SW.getProperty ( call SW.filter ( call SW.getProperty en.player.kobe_bryant ( call SW.reverse ( string player ) ) ) ( string num_assists ) ( string = ) ( number 3 assist ) ) ( string num_games_played ) ) )
none	( call SW.listValue ( call SW.getProperty ( call SW.filter ( call SW.getProperty en.player.kobe_bryant ( call SW.reverse ( string player ) ) ) ( string num_turnovers ) ( string = ) ( number 3 turnover ) ) ( string num_points ) ) )
none	( call SW.listValue ( call SW.getProperty ( call SW.filter ( call SW.getProperty en.player.kobe_bryant ( call SW.reverse ( string player ) ) ) ( string num_assists ) ( string = ) ( number 3 assist ) ) ( string num_steals ) ) )
none	( call SW.listValue ( call SW.getProperty ( call SW.filter ( call SW.getProperty en.player.kobe_bryant ( call SW.reverse ( string player ) ) ) ( string num_games_played ) ( string = ) ( number 3 game ) ) ( string num_assists ) ) )
none	( call SW.listValue ( call SW.getProperty ( ( lambda s ( call SW.filter ( var s ) ( call SW.ensureNumericProperty ( string num_fouls ) ) ( string < ) ( call SW.ensureNumericEntity ( call SW.getProperty ( call SW.getProperty en.player.kobe_bryant ( call SW.reverse ( string player ) ) ) ( string num_fouls ) ) ) ) ) ( call SW.domain ( string player ) ) ) ( string player ) ) )
none	( call SW.listValue ( call SW.getProperty ( call SW.filter ( call SW.getProperty en.player.kobe_bryant ( call SW.reverse ( string player ) ) ) ( string num_turnovers ) ( string = ) ( number 3 turnover ) ) ( string num_turnovers ) ) )
none	( call SW.listValue ( call SW.getProperty ( call SW.filter ( call SW.getProperty en.player.kobe_bryant ( call SW.reverse ( string player ) ) ) ( string num_games_played ) ( string = ) ( number 3 game ) ) ( string num_turnovers ) ) )
none	( call SW.listValue ( call SW.getProperty ( ( lambda s ( call SW.filter ( var s ) ( call SW.ensureNumericProperty ( string num_fouls ) ) ( string <= ) ( call SW.ensureNumericEntity ( call SW.getProperty ( call SW.getProperty en.player.kobe_bryant ( call SW.reverse ( string player ) ) ) ( string num_fouls ) ) ) ) ) ( call SW.domain ( string player ) ) ) ( string player ) ) )
none	( call SW.listValue ( call SW.getProperty ( ( lambda s ( call SW.filter ( var s ) ( call SW.ensureNumericProperty ( string num_fouls ) ) ( string > ) ( call SW.ensureNumericEntity ( call SW.getProperty ( call SW.getProperty en.player.kobe_bryant ( call SW.reverse ( string player ) ) ) ( string num_fouls ) ) ) ) ) ( call SW.domain ( string player ) ) ) ( string player ) ) )
none	( call SW.listValue ( call SW.getProperty ( call SW.filter ( call SW.getProperty en.player.kobe_bryant ( call SW.reverse ( string player ) ) ) ( string num_assists ) ( string = ) ( number 3 assist ) ) ( string num_blocks ) ) )
none	( call SW.listValue ( call SW.getProperty ( ( lambda s ( call SW.filter ( var s ) ( string num_blocks ) ( string = ) ( call SW.getProperty ( call SW.getProperty en.player.kobe_bryant ( call SW.reverse ( string player ) ) ) ( string num_blocks ) ) ) ) ( call SW.domain ( string player ) ) ) ( string player ) ) )
none	( call SW.listValue ( call SW.getProperty ( call SW.filter ( call SW.getProperty en.player.kobe_bryant ( call SW.reverse ( string player ) ) ) ( string num_turnovers ) ( string = ) ( number 3 turnover ) ) ( string num_fouls ) ) )
none	( call SW.listValue ( call SW.getProperty ( ( lambda s ( call SW.filter ( var s ) ( call SW.ensureNumericProperty ( string num_fouls ) ) ( string >= ) ( call SW.ensureNumericEntity ( call SW.getProperty ( call SW.getProperty en.player.kobe_bryant ( call SW.reverse ( string player ) ) ) ( string num_fouls ) ) ) ) ) ( call SW.domain ( string player ) ) ) ( string player ) ) )
none	( call SW.listValue ( call SW.getProperty ( call SW.filter ( call SW.getProperty en.player.kobe_bryant ( call SW.reverse ( string player ) ) ) ( string num_fouls ) ( string = ) ( number 3 foul ) ) ( string num_assists ) ) )
none	( call SW.listValue ( call SW.getProperty ( call SW.filter ( call SW.getProperty en.player.kobe_bryant ( call SW.reverse ( string player ) ) ) ( string num_blocks ) ( string = ) ( number 3 block ) ) ( string num_assists ) ) )
none	( call SW.listValue ( call SW.getProperty ( call SW.filter ( call SW.getProperty en.player.kobe_bryant ( call SW.reverse ( string player ) ) ) ( string num_assists ) ( string = ) ( number 3 assist ) ) ( string num_fouls ) ) )
none	( call SW.listValue ( call SW.getProperty ( ( lambda s ( call SW.filter ( var s ) ( call SW.ensureNumericProperty ( string num_steals ) ) ( string <= ) ( call SW.ensureNumericEntity ( call SW.getProperty ( call SW.getProperty en.player.kobe_bryant ( call SW.reverse ( string player ) ) ) ( string num_steals ) ) ) ) ) ( call SW.domain ( string player ) ) ) ( string player ) ) )
none	( call SW.listValue ( call SW.getProperty ( ( lambda s ( call SW.filter ( var s ) ( string num_turnovers ) ( string = ) ( call SW.getProperty ( call SW.getProperty en.player.kobe_bryant ( call SW.reverse ( string player ) ) ) ( string num_turnovers ) ) ) ) ( call SW.domain ( string player ) ) ) ( string player ) ) )
none	( call SW.listValue ( call SW.getProperty ( call SW.filter ( call SW.getProperty en.player.kobe_bryant ( call SW.reverse ( string player ) ) ) ( string num_blocks ) ( string = ) ( number 3 block ) ) ( string num_turnovers ) ) )
none	( call SW.listValue ( call SW.getProperty ( call SW.filter ( call SW.getProperty en.player.kobe_bryant ( call SW.reverse ( string player ) ) ) ( string num_points ) ( string = ) ( number 3 point ) ) ( string num_points ) ) )
none	( call SW.listValue ( call SW.getProperty ( call SW.filter ( call SW.getProperty en.player.kobe_bryant ( call SW.reverse ( string player ) ) ) ( string num_games_played ) ( string = ) ( number 3 game ) ) ( string num_blocks ) ) )
none	( call SW.listValue ( call SW.getProperty ( call SW.filter ( call SW.getProperty en.player.kobe_bryant ( call SW.reverse ( string player ) ) ) ( string num_turnovers ) ( string = ) ( number 3 turnover ) ) ( string num_blocks ) ) )
none	( call SW.listValue ( call SW.getProperty ( call SW.filter ( call SW.getProperty en.player.kobe_bryant ( call SW.reverse ( string player ) ) ) ( string num_blocks ) ( string = ) ( number 3 block ) ) ( string num_points ) ) )
none	( call SW.listValue ( call SW.getProperty ( call SW.filter ( call SW.getProperty en.player.kobe_bryant ( call SW.reverse ( string player ) ) ) ( string team ) ( string = ) en.team.lakers ) ( string num_turnovers ) ) )
none	( call SW.listValue ( call SW.getProperty ( call SW.filter ( call SW.getProperty en.player.kobe_bryant ( call SW.reverse ( string player ) ) ) ( string num_turnovers ) ( string = ) ( number 3 turnover ) ) ( string num_games_played ) ) )
none	( call SW.listValue ( call SW.getProperty ( call SW.filter ( call SW.getProperty en.player.kobe_bryant ( call SW.reverse ( string player ) ) ) ( string num_steals ) ( string = ) ( number 3 steal ) ) ( string num_assists ) ) )
none	( call SW.listValue ( call SW.getProperty ( call SW.filter ( call SW.getProperty en.player.kobe_bryant ( call SW.reverse ( string player ) ) ) ( string num_fouls ) ( string = ) ( number 3 foul ) ) ( string num_points ) ) )
none	( call SW.listValue ( call SW.getProperty ( call SW.filter ( call SW.getProperty en.player.kobe_bryant ( call SW.reverse ( string player ) ) ) ( string num_points ) ( string = ) ( number 3 point ) ) ( string num_assists ) ) )
none	( call SW.listValue ( call SW.getProperty ( call SW.filter ( call SW.getProperty en.player.kobe_bryant ( call SW.reverse ( string player ) ) ) ( string num_rebounds ) ( string = ) ( number 3 rebound ) ) ( string num_points ) ) )
none	( call SW.listValue ( call SW.getProperty ( call SW.filter ( call SW.getProperty en.player.kobe_bryant ( call SW.reverse ( string player ) ) ) ( string num_fouls ) ( string = ) ( number 3 foul ) ) ( string num_steals ) ) )
none	( call SW.listValue ( call SW.getProperty ( call SW.filter ( call SW.getProperty en.player.kobe_bryant ( call SW.reverse ( string player ) ) ) ( string num_steals ) ( string = ) ( number 3 steal ) ) ( string num_fouls ) ) )
none	( call SW.listValue ( call SW.getProperty ( call SW.filter ( call SW.getProperty en.player.kobe_bryant ( call SW.reverse ( string player ) ) ) ( string num_fouls ) ( string = ) ( number 3 foul ) ) ( string num_blocks ) ) )
none	( call SW.listValue ( call SW.getProperty ( call SW.filter ( call SW.getProperty en.player.kobe_bryant ( call SW.reverse ( string player ) ) ) ( string team ) ( string = ) en.team.lakers ) ( string num_assists ) ) )
none	( call SW.listValue ( call SW.getProperty ( call SW.filter ( call SW.getProperty en.player.kobe_bryant ( call SW.reverse ( string player ) ) ) ( string num_steals ) ( string = ) ( number 3 steal ) ) ( string num_games_played ) ) )
none	( call SW.listValue ( call SW.getProperty ( call SW.filter ( call SW.getProperty en.player.kobe_bryant ( call SW.reverse ( string player ) ) ) ( string num_rebounds ) ( string = ) ( number 3 rebound ) ) ( string num_turnovers ) ) )
none	( call SW.listValue ( call SW.getProperty ( call SW.filter ( call SW.getProperty en.player.kobe_bryant ( call SW.reverse ( string player ) ) ) ( string num_games_played ) ( string = ) ( number 3 game ) ) ( string num_fouls ) ) )
none	( call SW.listValue ( call SW.getProperty ( call SW.filter ( call SW.getProperty en.player.kobe_bryant ( call SW.reverse ( string player ) ) ) ( string num_steals ) ( string = ) ( number 3 steal ) ) ( string num_turnovers ) ) )
none	( call SW.listValue ( call SW.getProperty ( ( lambda s ( call SW.filter ( var s ) ( call SW.ensureNumericProperty ( string num_assists ) ) ( string <= ) ( call SW.ensureNumericEntity ( number 3 assist ) ) ) ) ( call SW.domain ( string player ) ) ) ( string player ) ) )
none	( call SW.listValue ( call SW.getProperty ( call SW.filter ( call SW.getProperty en.player.kobe_bryant ( call SW.reverse ( string player ) ) ) ( string num_turnovers ) ( string = ) ( number 3 turnover ) ) ( string num_steals ) ) )
none	( call SW.listValue ( call SW.getProperty ( call SW.filter ( call SW.getProperty en.player.kobe_bryant ( call SW.reverse ( string player ) ) ) ( string num_turnovers ) ( string = ) ( number 3 turnover ) ) ( string num_rebounds ) ) )
none	( call SW.listValue ( call SW.getProperty ( call SW.filter ( call SW.getProperty en.player.kobe_bryant ( call SW.reverse ( string player ) ) ) ( string num_games_played ) ( string = ) ( number 3 game ) ) ( string num_steals ) ) )
none	( call SW.listValue ( call SW.getProperty ( call SW.filter ( call SW.getProperty en.player.kobe_bryant ( call SW.reverse ( string player ) ) ) ( string num_blocks ) ( string = ) ( number 3 block ) ) ( string num_steals ) ) )
none	( call SW.listValue ( call SW.getProperty ( call SW.filter ( call SW.getProperty en.player.kobe_bryant ( call SW.reverse ( string player ) ) ) ( string team ) ( string = ) en.team.lakers ) ( string num_points ) ) )
none	( call SW.listValue ( call SW.getProperty ( ( lambda s ( call SW.filter ( var s ) ( string num_fouls ) ( string = ) ( call SW.getProperty ( call SW.getProperty en.player.kobe_bryant ( call SW.reverse ( string player ) ) ) ( string num_fouls ) ) ) ) ( call SW.domain ( string player ) ) ) ( string player ) ) )
none	( call SW.listValue ( call SW.getProperty ( call SW.filter ( call SW.getProperty en.player.kobe_bryant ( call SW.reverse ( string player ) ) ) ( string num_steals ) ( string = ) ( number 3 steal ) ) ( string num_points ) ) )
none	( call SW.listValue ( call SW.getProperty ( call SW.filter ( call SW.getProperty en.player.kobe_bryant ( call SW.reverse ( string player ) ) ) ( string num_points ) ( string = ) ( number 3 point ) ) ( string num_turnovers ) ) )
none	( call SW.listValue ( call SW.getProperty ( call SW.filter ( call SW.getProperty en.player.kobe_bryant ( call SW.reverse ( string player ) ) ) ( string num_games_played ) ( string = ) ( number 3 game ) ) ( string num_games_played ) ) )
none	( call SW.listValue ( call SW.getProperty ( call SW.filter ( call SW.getProperty en.player.kobe_bryant ( call SW.reverse ( string player ) ) ) ( string num_fouls ) ( string = ) ( number 3 foul ) ) ( string num_turnovers ) ) )
none	( call SW.listValue ( call SW.getProperty ( ( lambda s ( call SW.filter ( var s ) ( call SW.ensureNumericProperty ( string num_turnovers ) ) ( string > ) ( call SW.ensureNumericEntity ( number 3 turnover ) ) ) ) ( call SW.domain ( string player ) ) ) ( string player ) ) )
none	( call SW.listValue ( call SW.getProperty ( call SW.filter ( call SW.getProperty en.player.kobe_bryant ( call SW.reverse ( string player ) ) ) ( string num_fouls ) ( string = ) ( number 3 foul ) ) ( string num_fouls ) ) )
none	( call SW.listValue ( call SW.getProperty ( call SW.filter ( call SW.getProperty en.player.kobe_bryant ( call SW.reverse ( string player ) ) ) ( string num_blocks ) ( string = ) ( number 3 block ) ) ( string num_fouls ) ) )
none	( call SW.listValue ( call SW.getProperty ( call SW.filter ( call SW.getProperty en.player.kobe_bryant ( call SW.reverse ( string player ) ) ) ( string team ) ( string = ) en.team.lakers ) ( string num_blocks ) ) )
none	( call SW.listValue ( call SW.getProperty ( call SW.filter ( call SW.getProperty en.player.kobe_bryant ( call SW.reverse ( string player ) ) ) ( string num_turnovers ) ( string = ) ( number 3 turnover ) ) ( string position ) ) )
none	( call SW.listValue ( call SW.getProperty ( call SW.filter ( call SW.getProperty en.player.kobe_bryant ( call SW.reverse ( string player ) ) ) ( string num_blocks ) ( string = ) ( number 3 block ) ) ( string num_games_played ) ) )
none	( call SW.listValue ( call SW.getProperty ( call SW.filter ( call SW.getProperty en.player.kobe_bryant ( call SW.reverse ( string player ) ) ) ( string num_points ) ( string = ) ( number 3 point ) ) ( string num_blocks ) ) )
none	( call SW.listValue ( call SW.getProperty ( call SW.filter ( call SW.getProperty en.player.kobe_bryant ( call SW.reverse ( string player ) ) ) ( string num_rebounds ) ( string = ) ( number 3 rebound ) ) ( string num_assists ) ) )
none	( call SW.listValue ( call SW.getProperty ( ( lambda s ( call SW.filter ( var s ) ( call SW.ensureNumericProperty ( string num_rebounds ) ) ( string < ) ( call SW.ensureNumericEntity ( call SW.getProperty ( call SW.getProperty en.player.kobe_bryant ( call SW.reverse ( string player ) ) ) ( string num_rebounds ) ) ) ) ) ( call SW.domain ( string player ) ) ) ( string player ) ) )
none	( call SW.listValue ( call SW.getProperty ( call SW.filter ( call SW.getProperty en.player.kobe_bryant ( call SW.reverse ( string player ) ) ) ( string num_assists ) ( string = ) ( number 3 assist ) ) ( string num_rebounds ) ) )
none	( call SW.listValue ( call SW.getProperty ( call SW.filter ( call SW.getProperty en.player.kobe_bryant ( call SW.reverse ( string player ) ) ) ( string num_points ) ( string = ) ( number 3 point ) ) ( string num_fouls ) ) )
none	( call SW.listValue ( call SW.getProperty ( call SW.filter ( call SW.getProperty en.player.kobe_bryant ( call SW.reverse ( string player ) ) ) ( string num_rebounds ) ( string = ) ( number 3 rebound ) ) ( string num_games_played ) ) )
none	( call SW.listValue ( call SW.getProperty ( call SW.filter ( call SW.getProperty en.player.kobe_bryant ( call SW.reverse ( string player ) ) ) ( string team ) ( string = ) en.team.lakers ) ( string num_fouls ) ) )
none	( call SW.listValue ( call SW.getProperty ( call SW.filter ( call SW.getProperty en.player.kobe_bryant ( call SW.reverse ( string player ) ) ) ( string num_steals ) ( string = ) ( number 3 steal ) ) ( string num_blocks ) ) )
none	( call SW.listValue ( call SW.getProperty ( call SW.filter ( call SW.getProperty en.player.kobe_bryant ( call SW.reverse ( string player ) ) ) ( string position ) ( string = ) en.position.point_guard ) ( string num_assists ) ) )
none	( call SW.listValue ( call SW.getProperty ( call SW.filter ( call SW.getProperty en.player.kobe_bryant ( call SW.reverse ( string player ) ) ) ( string num_fouls ) ( string = ) ( number 3 foul ) ) ( string num_games_played ) ) )
none	( call SW.listValue ( call SW.getProperty ( call SW.filter ( call SW.getProperty en.player.kobe_bryant ( call SW.reverse ( string player ) ) ) ( string season ) ( string = ) ( date 2004 -1 -1 ) ) ( string num_blocks ) ) )
none	( call SW.listValue ( call SW.getProperty ( ( lambda s ( call SW.filter ( var s ) ( call SW.ensureNumericProperty ( string num_rebounds ) ) ( string <= ) ( call SW.ensureNumericEntity ( call SW.getProperty ( call SW.getProperty en.player.kobe_bryant ( call SW.reverse ( string player ) ) ) ( string num_rebounds ) ) ) ) ) ( call SW.domain ( string player ) ) ) ( string player ) ) )
none	( call SW.listValue ( call SW.getProperty ( call SW.filter ( call SW.getProperty en.player.kobe_bryant ( call SW.reverse ( string player ) ) ) ( string season ) ( string = ) ( date 2004 -1 -1 ) ) ( string num_assists ) ) )
none	( call SW.listValue ( call SW.getProperty ( call SW.filter ( call SW.getProperty en.player.kobe_bryant ( call SW.reverse ( string player ) ) ) ( string num_turnovers ) ( string = ) ( number 3 turnover ) ) ( string season ) ) )
none	( call SW.listValue ( call SW.getProperty ( call SW.filter ( call SW.getProperty en.player.kobe_bryant ( call SW.reverse ( string player ) ) ) ( string season ) ( string = ) ( date 2004 -1 -1 ) ) ( string num_turnovers ) ) )
none	( call SW.listValue ( call SW.getProperty ( call SW.filter ( call SW.getProperty en.player.kobe_bryant ( call SW.reverse ( string player ) ) ) ( string num_assists ) ( string = ) ( number 3 assist ) ) ( string team ) ) )
none	( call SW.listValue ( call SW.getProperty ( ( lambda s ( call SW.filter ( var s ) ( call SW.ensureNumericProperty ( string season ) ) ( string >= ) ( call SW.ensureNumericEntity ( call SW.getProperty ( call SW.getProperty en.player.kobe_bryant ( call SW.reverse ( string player ) ) ) ( string season ) ) ) ) ) ( call SW.domain ( string player ) ) ) ( string player ) ) )
none	( call SW.listValue ( call SW.getProperty ( call SW.filter ( call SW.getProperty en.player.kobe_bryant ( call SW.reverse ( string player ) ) ) ( string num_points ) ( string = ) ( number 3 point ) ) ( string num_steals ) ) )
none	( call SW.listValue ( call SW.getProperty ( ( lambda s ( call SW.filter ( var s ) ( call SW.ensureNumericProperty ( string num_assists ) ) ( string > ) ( call SW.ensureNumericEntity ( number 3 assist ) ) ) ) ( call SW.domain ( string player ) ) ) ( string player ) ) )
none	( call SW.listValue ( call SW.getProperty ( call SW.filter ( call SW.getProperty en.player.kobe_bryant ( call SW.reverse ( string player ) ) ) ( string position ) ( string = ) en.position.point_guard ) ( string num_turnovers ) ) )
none	( call SW.listValue ( call SW.getProperty ( ( lambda s ( call SW.filter ( var s ) ( call SW.ensureNumericProperty ( string num_points ) ) ( string <= ) ( call SW.ensureNumericEntity ( number 3 point ) ) ) ) ( call SW.domain ( string player ) ) ) ( string player ) ) )
none	( call SW.listValue ( call SW.getProperty ( call SW.filter ( call SW.getProperty en.player.kobe_bryant ( call SW.reverse ( string player ) ) ) ( string num_points ) ( string = ) ( number 3 point ) ) ( string num_games_played ) ) )
none	( call SW.listValue ( call SW.getProperty ( ( lambda s ( call SW.filter ( var s ) ( call SW.ensureNumericProperty ( string num_turnovers ) ) ( string <= ) ( call SW.ensureNumericEntity ( number 3 turnover ) ) ) ) ( call SW.domain ( string player ) ) ) ( string player ) ) )
none	( call SW.listValue ( call SW.getProperty ( call SW.filter ( call SW.getProperty en.player.kobe_bryant ( call SW.reverse ( string player ) ) ) ( string num_fouls ) ( string = ) ( number 3 foul ) ) ( string num_rebounds ) ) )
none	( call SW.listValue ( call SW.getProperty ( call SW.filter ( call SW.getProperty en.player.kobe_bryant ( call SW.reverse ( string player ) ) ) ( string num_assists ) ( string = ) ( number 3 assist ) ) ( string position ) ) )
none	( call SW.listValue ( call SW.getProperty ( call SW.filter ( call SW.getProperty en.player.kobe_bryant ( call SW.reverse ( string player ) ) ) ( string num_steals ) ( string = ) ( number 3 steal ) ) ( string num_steals ) ) )
none	( call SW.listValue ( call SW.getProperty ( ( lambda s ( call SW.filter ( var s ) ( call SW.ensureNumericProperty ( string num_rebounds ) ) ( string >= ) ( call SW.ensureNumericEntity ( call SW.getProperty ( call SW.getProperty en.player.kobe_bryant ( call SW.reverse ( string player ) ) ) ( string num_rebounds ) ) ) ) ) ( call SW.domain ( string player ) ) ) ( string player ) ) )
none	( call SW.listValue ( call SW.getProperty ( call SW.filter ( call SW.getProperty en.player.kobe_bryant ( call SW.reverse ( string player ) ) ) ( string team ) ( string = ) en.team.lakers ) ( string num_steals ) ) )
none	( call SW.listValue ( call SW.getProperty ( call SW.filter ( call SW.getProperty en.player.kobe_bryant ( call SW.reverse ( string player ) ) ) ( string season ) ( string = ) ( date 2004 -1 -1 ) ) ( string num_points ) ) )
none	( call SW.listValue ( call SW.getProperty ( call SW.filter ( call SW.getProperty en.player.kobe_bryant ( call SW.reverse ( string player ) ) ) ( string position ) ( string = ) en.position.point_guard ) ( string num_points ) ) )
none	( call SW.listValue ( call SW.getProperty ( ( lambda s ( call SW.filter ( var s ) ( call SW.ensureNumericProperty ( string num_games_played ) ) ( string > ) ( call SW.ensureNumericEntity ( number 3 game ) ) ) ) ( call SW.domain ( string player ) ) ) ( string player ) ) )
none	( call SW.listValue ( call SW.getProperty ( call SW.filter ( call SW.getProperty en.player.kobe_bryant ( call SW.reverse ( string player ) ) ) ( string team ) ( string = ) en.team.lakers ) ( string num_games_played ) ) )
none	( call SW.listValue ( call SW.getProperty ( call SW.filter ( call SW.getProperty en.player.kobe_bryant ( call SW.reverse ( string player ) ) ) ( string num_rebounds ) ( string = ) ( number 3 rebound ) ) ( string num_fouls ) ) )
none	( call SW.listValue ( call SW.getProperty ( call SW.filter ( call SW.getProperty en.player.kobe_bryant ( call SW.reverse ( string player ) ) ) ( string num_rebounds ) ( string = ) ( number 3 rebound ) ) ( string num_steals ) ) )
none	( call SW.listValue ( call SW.getProperty ( call SW.filter ( call SW.getProperty en.player.kobe_bryant ( call SW.reverse ( string player ) ) ) ( string num_blocks ) ( string = ) ( number 3 block ) ) ( string num_blocks ) ) )
none	( call SW.listValue ( call SW.getProperty ( call SW.filter ( call SW.getProperty en.player.kobe_bryant ( call SW.reverse ( string player ) ) ) ( string num_blocks ) ( string = ) ( number 3 block ) ) ( string season ) ) )
none	( call SW.listValue ( call SW.getProperty ( ( lambda s ( call SW.filter ( var s ) ( call SW.ensureNumericProperty ( string season ) ) ( string > ) ( call SW.ensureNumericEntity ( call SW.getProperty ( call SW.getProperty en.player.kobe_bryant ( call SW.reverse ( string player ) ) ) ( string season ) ) ) ) ) ( call SW.domain ( string player ) ) ) ( string player ) ) )
none	( call SW.listValue ( call SW.getProperty ( ( lambda s ( call SW.filter ( var s ) ( call SW.ensureNumericProperty ( string num_points ) ) ( string >= ) ( call SW.ensureNumericEntity ( number 3 point ) ) ) ) ( call SW.domain ( string player ) ) ) ( string player ) ) )
none	( call SW.listValue ( call SW.getProperty ( call SW.filter ( call SW.getProperty en.player.kobe_bryant ( call SW.reverse ( string player ) ) ) ( string num_games_played ) ( string = ) ( number 3 game ) ) ( string season ) ) )
none	( call SW.listValue ( call SW.getProperty ( call SW.filter ( call SW.getProperty en.player.kobe_bryant ( call SW.reverse ( string player ) ) ) ( string num_assists ) ( string = ) ( number 3 assist ) ) ( string season ) ) )
none	( call SW.listValue ( call SW.getProperty ( ( lambda s ( call SW.filter ( var s ) ( call SW.ensureNumericProperty ( string num_points ) ) ( string < ) ( call SW.ensureNumericEntity ( number 3 point ) ) ) ) ( call SW.domain ( string player ) ) ) ( string player ) ) )
none	( call SW.listValue ( call SW.getProperty ( ( lambda s ( call SW.filter ( var s ) ( call SW.ensureNumericProperty ( string season ) ) ( string <= ) ( call SW.ensureNumericEntity ( call SW.getProperty ( call SW.getProperty en.player.kobe_bryant ( call SW.reverse ( string player ) ) ) ( string season ) ) ) ) ) ( call SW.domain ( string player ) ) ) ( string player ) ) )
none	( call SW.listValue ( call SW.getProperty ( ( lambda s ( call SW.filter ( var s ) ( call SW.ensureNumericProperty ( string num_assists ) ) ( string < ) ( call SW.ensureNumericEntity ( number 3 assist ) ) ) ) ( call SW.domain ( string player ) ) ) ( string player ) ) )
none	( call SW.listValue ( call SW.getProperty ( call SW.filter ( call SW.getProperty en.player.kobe_bryant ( call SW.reverse ( string player ) ) ) ( string num_points ) ( string = ) ( number 3 point ) ) ( string team ) ) )
none	( call SW.listValue ( call SW.getProperty ( call SW.filter ( call SW.getProperty en.player.kobe_bryant ( call SW.reverse ( string player ) ) ) ( string num_rebounds ) ( string = ) ( number 3 rebound ) ) ( string num_blocks ) ) )
none	( call SW.listValue ( call SW.getProperty ( ( lambda s ( call SW.filter ( var s ) ( call SW.ensureNumericProperty ( string num_blocks ) ) ( string <= ) ( call SW.ensureNumericEntity ( number 3 block ) ) ) ) ( call SW.domain ( string player ) ) ) ( string player ) ) )
none	( call SW.listValue ( call SW.getProperty ( call SW.filter ( call SW.getProperty en.player.kobe_bryant ( call SW.reverse ( string player ) ) ) ( string num_blocks ) ( string = ) ( number 3 block ) ) ( string team ) ) )
none	( call SW.listValue ( call SW.getProperty ( call SW.filter ( call SW.getProperty en.player.kobe_bryant ( call SW.reverse ( string player ) ) ) ( string num_games_played ) ( string = ) ( number 3 game ) ) ( string team ) ) )
none	( call SW.listValue ( call SW.getProperty ( ( lambda s ( call SW.filter ( var s ) ( call SW.ensureNumericProperty ( string num_assists ) ) ( string >= ) ( call SW.ensureNumericEntity ( number 3 assist ) ) ) ) ( call SW.domain ( string player ) ) ) ( string player ) ) )
none	( call SW.listValue ( call SW.getProperty ( call SW.filter ( call SW.getProperty en.player.kobe_bryant ( call SW.reverse ( string player ) ) ) ( string num_points ) ( string = ) ( number 3 point ) ) ( string num_rebounds ) ) )
none	( call SW.listValue ( call SW.getProperty ( call SW.filter ( call SW.getProperty en.player.kobe_bryant ( call SW.reverse ( string player ) ) ) ( string season ) ( string = ) ( date 2004 -1 -1 ) ) ( string num_fouls ) ) )
none	( call SW.listValue ( call SW.getProperty ( ( lambda s ( call SW.filter ( var s ) ( call SW.ensureNumericProperty ( string num_blocks ) ) ( string >= ) ( call SW.ensureNumericEntity ( number 3 block ) ) ) ) ( call SW.domain ( string player ) ) ) ( string player ) ) )
none	( call SW.listValue ( call SW.getProperty ( call SW.filter ( call SW.getProperty en.player.kobe_bryant ( call SW.reverse ( string player ) ) ) ( string num_turnovers ) ( string = ) ( number 3 turnover ) ) ( string team ) ) )
none	( call SW.listValue ( call SW.getProperty ( call SW.filter ( call SW.getProperty en.player.kobe_bryant ( call SW.reverse ( string player ) ) ) ( string season ) ( string = ) ( date 2004 -1 -1 ) ) ( string num_steals ) ) )
none	( call SW.listValue ( call SW.getProperty ( ( lambda s ( call SW.filter ( var s ) ( call SW.ensureNumericProperty ( string season ) ) ( string < ) ( call SW.ensureNumericEntity ( call SW.getProperty ( call SW.getProperty en.player.kobe_bryant ( call SW.reverse ( string player ) ) ) ( string season ) ) ) ) ) ( call SW.domain ( string player ) ) ) ( string player ) ) )
none	( call SW.listValue ( call SW.getProperty ( call SW.filter ( call SW.getProperty en.player.kobe_bryant ( call SW.reverse ( string player ) ) ) ( string num_games_played ) ( string = ) ( number 3 game ) ) ( string num_rebounds ) ) )
none	( call SW.listValue ( call SW.getProperty ( ( lambda s ( call SW.filter ( var s ) ( call SW.ensureNumericProperty ( string num_blocks ) ) ( string > ) ( call SW.ensureNumericEntity ( number 3 block ) ) ) ) ( call SW.domain ( string player ) ) ) ( string player ) ) )
none	( call SW.listValue ( call SW.getProperty ( call SW.filter ( call SW.getProperty en.player.kobe_bryant ( call SW.reverse ( string player ) ) ) ( string season ) ( string = ) ( date 2004 -1 -1 ) ) ( string num_games_played ) ) )
none	( call SW.listValue ( call SW.getProperty ( call SW.filter ( call SW.getProperty en.player.kobe_bryant ( call SW.reverse ( string player ) ) ) ( string position ) ( string = ) en.position.point_guard ) ( string num_fouls ) ) )
none	( call SW.listValue ( call SW.getProperty ( call SW.filter ( call SW.getProperty en.player.kobe_bryant ( call SW.reverse ( string player ) ) ) ( string num_fouls ) ( string = ) ( number 3 foul ) ) ( string team ) ) )
none	( call SW.listValue ( call SW.getProperty ( call SW.filter ( call SW.getProperty en.player.kobe_bryant ( call SW.reverse ( string player ) ) ) ( string num_steals ) ( string = ) ( number 3 steal ) ) ( string position ) ) )
none	( call SW.listValue ( call SW.getProperty ( call SW.filter ( call SW.getProperty en.player.kobe_bryant ( call SW.reverse ( string player ) ) ) ( string num_points ) ( string = ) ( number 3 point ) ) ( string position ) ) )
none	( call SW.listValue ( call SW.getProperty ( ( lambda s ( call SW.filter ( var s ) ( call SW.ensureNumericProperty ( string num_turnovers ) ) ( string < ) ( call SW.ensureNumericEntity ( number 3 turnover ) ) ) ) ( call SW.domain ( string player ) ) ) ( string player ) ) )
none	( call SW.listValue ( call SW.getProperty ( call SW.filter ( call SW.getProperty en.player.kobe_bryant ( call SW.reverse ( string player ) ) ) ( string num_steals ) ( string = ) ( number 3 steal ) ) ( string team ) ) )
none	( call SW.listValue ( call SW.getProperty ( ( lambda s ( call SW.filter ( var s ) ( string team ) ( string = ) ( call SW.concat en.team.lakers en.team.cavaliers ) ) ) ( call SW.domain ( string player ) ) ) ( string player ) ) )
none	( call SW.listValue ( call SW.getProperty ( call SW.filter ( call SW.getProperty en.player.kobe_bryant ( call SW.reverse ( string player ) ) ) ( string num_blocks ) ( string = ) ( number 3 block ) ) ( string position ) ) )
none	( call SW.listValue ( call SW.getProperty ( ( lambda s ( call SW.filter ( var s ) ( call SW.ensureNumericProperty ( string num_turnovers ) ) ( string >= ) ( call SW.ensureNumericEntity ( number 3 turnover ) ) ) ) ( call SW.domain ( string player ) ) ) ( string player ) ) )
none	( call SW.listValue ( call SW.getProperty ( call SW.filter ( call SW.getProperty en.player.kobe_bryant ( call SW.reverse ( string player ) ) ) ( string num_blocks ) ( string = ) ( number 3 block ) ) ( string num_rebounds ) ) )
none	( call SW.listValue ( call SW.getProperty ( ( lambda s ( call SW.filter ( var s ) ( call SW.ensureNumericProperty ( string num_blocks ) ) ( string < ) ( call SW.ensureNumericEntity ( number 3 block ) ) ) ) ( call SW.domain ( string player ) ) ) ( string player ) ) )
none	( call SW.listValue ( call SW.getProperty ( call SW.filter ( call SW.getProperty en.player.kobe_bryant ( call SW.reverse ( string player ) ) ) ( string team ) ( string = ) en.team.lakers ) ( string team ) ) )
none	( call SW.listValue ( call SW.getProperty ( call SW.filter ( call SW.getProperty en.player.kobe_bryant ( call SW.reverse ( string player ) ) ) ( string position ) ( string = ) en.position.point_guard ) ( string num_steals ) ) )
none	( call SW.listValue ( call SW.getProperty ( call SW.filter ( call SW.getProperty en.player.kobe_bryant ( call SW.reverse ( string player ) ) ) ( string num_games_played ) ( string = ) ( number 3 game ) ) ( string position ) ) )
none	( call SW.listValue ( call SW.getProperty ( call SW.filter ( call SW.getProperty en.player.kobe_bryant ( call SW.reverse ( string player ) ) ) ( string team ) ( string = ) en.team.lakers ) ( string num_rebounds ) ) )
none	( call SW.listValue ( call SW.getProperty ( call SW.filter ( call SW.getProperty en.player.kobe_bryant ( call SW.reverse ( string player ) ) ) ( string num_fouls ) ( string = ) ( number 3 foul ) ) ( string position ) ) )
none	( call SW.listValue ( call SW.getProperty ( ( lambda s ( call SW.filter ( var s ) ( string num_steals ) ( string = ) ( call SW.getProperty ( call SW.getProperty en.player.kobe_bryant ( call SW.reverse ( string player ) ) ) ( string num_steals ) ) ) ) ( call SW.domain ( string player ) ) ) ( string player ) ) )
none	( call SW.listValue ( call SW.getProperty ( ( lambda s ( call SW.filter ( var s ) ( call SW.ensureNumericProperty ( string num_rebounds ) ) ( string > ) ( call SW.ensureNumericEntity ( call SW.getProperty ( call SW.getProperty en.player.kobe_bryant ( call SW.reverse ( string player ) ) ) ( string num_rebounds ) ) ) ) ) ( call SW.domain ( string player ) ) ) ( string player ) ) )
none	( call SW.listValue ( call SW.getProperty ( ( lambda s ( call SW.filter ( var s ) ( call SW.ensureNumericProperty ( string num_steals ) ) ( string <= ) ( call SW.ensureNumericEntity ( number 3 steal ) ) ) ) ( call SW.domain ( string player ) ) ) ( string player ) ) )
none	( call SW.listValue ( call SW.getProperty ( call SW.filter ( call SW.getProperty en.player.kobe_bryant ( call SW.reverse ( string player ) ) ) ( string num_rebounds ) ( string = ) ( number 3 rebound ) ) ( string num_rebounds ) ) )
none	( call SW.listValue ( call SW.getProperty ( call SW.filter ( call SW.getProperty en.player.kobe_bryant ( call SW.reverse ( string player ) ) ) ( string num_rebounds ) ( string = ) ( number 3 rebound ) ) ( string team ) ) )
none	( call SW.listValue ( call SW.getProperty ( call SW.filter ( call SW.getProperty en.player.kobe_bryant ( call SW.reverse ( string player ) ) ) ( string num_fouls ) ( string = ) ( number 3 foul ) ) ( string season ) ) )
none	( call SW.listValue ( call SW.getProperty ( ( lambda s ( call SW.filter ( var s ) ( call SW.ensureNumericProperty ( string num_fouls ) ) ( string > ) ( call SW.ensureNumericEntity ( number 3 foul ) ) ) ) ( call SW.domain ( string player ) ) ) ( string player ) ) )
none	( call SW.listValue ( call SW.getProperty ( call SW.filter ( call SW.getProperty en.player.kobe_bryant ( call SW.reverse ( string player ) ) ) ( string team ) ( string = ) en.team.lakers ) ( string position ) ) )
none	( call SW.listValue ( call SW.getProperty ( ( lambda s ( call SW.filter ( var s ) ( call SW.ensureNumericProperty ( string season ) ) ( string <= ) ( call SW.ensureNumericEntity ( call SW.concat ( date 2004 -1 -1 ) ( date 2010 -1 -1 ) ) ) ) ) ( call SW.domain ( string player ) ) ) ( string player ) ) )
none	( call SW.listValue ( call SW.getProperty ( ( lambda s ( call SW.filter ( var s ) ( call SW.ensureNumericProperty ( string num_points ) ) ( string > ) ( call SW.ensureNumericEntity ( number 3 point ) ) ) ) ( call SW.domain ( string player ) ) ) ( string player ) ) )
none	( call SW.listValue ( call SW.getProperty ( call SW.filter ( call SW.getProperty en.player.kobe_bryant ( call SW.reverse ( string player ) ) ) ( string num_steals ) ( string = ) ( number 3 steal ) ) ( string num_rebounds ) ) )
none	( call SW.listValue ( call SW.getProperty ( call SW.filter ( call SW.getProperty en.player.kobe_bryant ( call SW.reverse ( string player ) ) ) ( string season ) ( string = ) ( date 2004 -1 -1 ) ) ( string num_rebounds ) ) )
none	( call SW.listValue ( call SW.getProperty ( ( lambda s ( call SW.filter ( var s ) ( call SW.ensureNumericProperty ( string season ) ) ( string >= ) ( call SW.ensureNumericEntity ( call SW.concat ( date 2004 -1 -1 ) ( date 2010 -1 -1 ) ) ) ) ) ( call SW.domain ( string player ) ) ) ( string player ) ) )
none	( call SW.listValue ( call SW.getProperty ( call SW.filter ( call SW.getProperty en.player.kobe_bryant ( call SW.reverse ( string player ) ) ) ( string num_steals ) ( string = ) ( number 3 steal ) ) ( string season ) ) )
none	( call SW.listValue ( call SW.getProperty ( call SW.filter ( call SW.getProperty en.player.kobe_bryant ( call SW.reverse ( string player ) ) ) ( string position ) ( string = ) en.position.point_guard ) ( string num_games_played ) ) )
none	( call SW.listValue ( call SW.getProperty ( ( lambda s ( call SW.filter ( var s ) ( call SW.ensureNumericProperty ( string season ) ) ( string > ) ( call SW.ensureNumericEntity ( call SW.concat ( date 2004 -1 -1 ) ( date 2010 -1 -1 ) ) ) ) ) ( call SW.domain ( string player ) ) ) ( string player ) ) )
none	( call SW.listValue ( call SW.getProperty ( ( lambda s ( call SW.filter ( var s ) ( call SW.ensureNumericProperty ( string season ) ) ( string > ) ( call SW.ensureNumericEntity ( date 2004 -1 -1 ) ) ) ) ( call SW.domain ( string player ) ) ) ( string player ) ) )
none	( call SW.listValue ( call SW.getProperty ( call SW.filter ( call SW.getProperty en.player.kobe_bryant ( call SW.reverse ( string player ) ) ) ( string num_rebounds ) ( string = ) ( number 3 rebound ) ) ( string position ) ) )
none	( call SW.listValue ( call SW.getProperty ( ( lambda s ( call SW.filter ( var s ) ( string team ) ( string = ) ( call SW.getProperty ( call SW.getProperty en.player.kobe_bryant ( call SW.reverse ( string player ) ) ) ( string team ) ) ) ) ( call SW.domain ( string player ) ) ) ( string player ) ) )
none	( call SW.listValue ( call SW.getProperty ( call SW.filter ( call SW.getProperty en.player.kobe_bryant ( call SW.reverse ( string player ) ) ) ( string position ) ( string = ) en.position.point_guard ) ( string num_blocks ) ) )
none	( call SW.listValue ( call SW.getProperty ( call SW.filter ( call SW.getProperty en.player.kobe_bryant ( call SW.reverse ( string player ) ) ) ( string position ) ( string = ) en.position.point_guard ) ( string num_rebounds ) ) )
none	( call SW.listValue ( call SW.getProperty ( call SW.filter ( call SW.getProperty en.player.kobe_bryant ( call SW.reverse ( string player ) ) ) ( string num_rebounds ) ( string = ) ( number 3 rebound ) ) ( string season ) ) )
none	( call SW.listValue ( call SW.getProperty ( ( lambda s ( call SW.filter ( var s ) ( call SW.ensureNumericProperty ( string num_fouls ) ) ( string <= ) ( call SW.ensureNumericEntity ( number 3 foul ) ) ) ) ( call SW.domain ( string player ) ) ) ( string player ) ) )
none	( call SW.listValue ( call SW.getProperty ( ( lambda s ( call SW.filter ( var s ) ( call SW.ensureNumericProperty ( string num_games_played ) ) ( string >= ) ( call SW.ensureNumericEntity ( number 3 game ) ) ) ) ( call SW.domain ( string player ) ) ) ( string player ) ) )
none	( call SW.listValue ( call SW.getProperty ( call SW.filter ( call SW.getProperty en.player.kobe_bryant ( call SW.reverse ( string player ) ) ) ( string num_points ) ( string = ) ( number 3 point ) ) ( string season ) ) )
none	( call SW.listValue ( call SW.getProperty ( ( lambda s ( call SW.filter ( var s ) ( call SW.ensureNumericProperty ( string num_fouls ) ) ( string < ) ( call SW.ensureNumericEntity ( number 3 foul ) ) ) ) ( call SW.domain ( string player ) ) ) ( string player ) ) )
none	( call SW.listValue ( call SW.getProperty ( ( lambda s ( call SW.filter ( var s ) ( call SW.ensureNumericProperty ( string num_games_played ) ) ( string <= ) ( call SW.ensureNumericEntity ( number 3 game ) ) ) ) ( call SW.domain ( string player ) ) ) ( string player ) ) )
none	( call SW.listValue ( call SW.getProperty ( call SW.filter ( call SW.getProperty en.player.kobe_bryant ( call SW.reverse ( string player ) ) ) ( string season ) ( string = ) ( date 2004 -1 -1 ) ) ( string team ) ) )
none	( call SW.listValue ( call SW.getProperty ( ( lambda s ( call SW.filter ( var s ) ( string num_fouls ) ( string ! = ) ( number 3 foul ) ) ) ( call SW.domain ( string player ) ) ) ( string player ) ) )
none	( call SW.listValue ( call SW.getProperty ( ( lambda s ( call SW.filter ( var s ) ( call SW.ensureNumericProperty ( string num_fouls ) ) ( string >= ) ( call SW.ensureNumericEntity ( number 3 foul ) ) ) ) ( call SW.domain ( string player ) ) ) ( string player ) ) )
none	( call SW.listValue ( call SW.getProperty ( call SW.filter ( call SW.getProperty en.player.kobe_bryant ( call SW.reverse ( string player ) ) ) ( string team ) ( string = ) en.team.lakers ) ( string season ) ) )
none	( call SW.listValue ( call SW.getProperty ( ( lambda s ( call SW.superlative ( var s ) ( string min ) ( call SW.ensureNumericProperty ( string num_assists ) ) ) ) ( call SW.domain ( string player ) ) ) ( string player ) ) )
none	( call SW.listValue ( call SW.getProperty ( ( lambda s ( call SW.superlative ( var s ) ( string min ) ( call SW.ensureNumericProperty ( string num_points ) ) ) ) ( call SW.domain ( string player ) ) ) ( string player ) ) )
none	( call SW.listValue ( call SW.getProperty ( ( lambda s ( call SW.filter ( var s ) ( string num_turnovers ) ( string ! = ) ( number 3 turnover ) ) ) ( call SW.domain ( string player ) ) ) ( string player ) ) )
none	( call SW.listValue ( call SW.getProperty ( call SW.filter ( call SW.getProperty en.player.kobe_bryant ( call SW.reverse ( string player ) ) ) ( string season ) ( string = ) ( date 2004 -1 -1 ) ) ( string season ) ) )
none	( call SW.listValue ( call SW.getProperty ( ( lambda s ( call SW.filter ( var s ) ( call SW.ensureNumericProperty ( string num_games_played ) ) ( string < ) ( call SW.ensureNumericEntity ( number 3 game ) ) ) ) ( call SW.domain ( string player ) ) ) ( string player ) ) )
none	( call SW.listValue ( call SW.getProperty ( ( lambda s ( call SW.filter ( var s ) ( call SW.ensureNumericProperty ( string season ) ) ( string < ) ( call SW.ensureNumericEntity ( call SW.concat ( date 2004 -1 -1 ) ( date 2010 -1 -1 ) ) ) ) ) ( call SW.domain ( string player ) ) ) ( string player ) ) )
none	( call SW.listValue ( call SW.getProperty ( call SW.filter ( call SW.getProperty en.player.kobe_bryant ( call SW.reverse ( string player ) ) ) ( string season ) ( string = ) ( date 2004 -1 -1 ) ) ( string position ) ) )
none	( call SW.listValue ( call SW.getProperty ( ( lambda s ( call SW.filter ( var s ) ( string position ) ( string = ) ( call SW.getProperty ( call SW.getProperty en.player.kobe_bryant ( call SW.reverse ( string player ) ) ) ( string position ) ) ) ) ( call SW.domain ( string player ) ) ) ( string player ) ) )
none	( call SW.listValue ( call SW.getProperty ( ( lambda s ( call SW.filter ( var s ) ( call SW.ensureNumericProperty ( string num_rebounds ) ) ( string <= ) ( call SW.ensureNumericEntity ( number 3 rebound ) ) ) ) ( call SW.domain ( string player ) ) ) ( string player ) ) )
none	( call SW.listValue ( call SW.getProperty ( ( lambda s ( call SW.filter ( var s ) ( string position ) ( string = ) ( call SW.concat en.position.point_guard en.position.forward ) ) ) ( call SW.domain ( string player ) ) ) ( string player ) ) )
none	( call SW.listValue ( call SW.getProperty ( ( lambda s ( call SW.filter ( var s ) ( call SW.ensureNumericProperty ( string num_rebounds ) ) ( string >= ) ( call SW.ensureNumericEntity ( number 3 rebound ) ) ) ) ( call SW.domain ( string player ) ) ) ( string player ) ) )
none	( call SW.listValue ( call SW.getProperty ( call SW.filter ( call SW.getProperty en.player.kobe_bryant ( call SW.reverse ( string player ) ) ) ( string position ) ( string = ) en.position.point_guard ) ( string season ) ) )
none	( call SW.listValue ( call SW.getProperty ( call SW.filter ( call SW.getProperty en.player.kobe_bryant ( call SW.reverse ( string player ) ) ) ( string position ) ( string = ) en.position.point_guard ) ( string team ) ) )
none	( call SW.listValue ( call SW.getProperty ( ( lambda s ( call SW.superlative ( var s ) ( string min ) ( call SW.ensureNumericProperty ( string num_blocks ) ) ) ) ( call SW.domain ( string player ) ) ) ( string player ) ) )
none	( call SW.listValue ( call SW.getProperty ( ( lambda s ( call SW.filter ( var s ) ( string position ) ( string ! = ) en.position.point_guard ) ) ( call SW.domain ( string player ) ) ) ( string player ) ) )
none	( call SW.listValue ( call SW.getProperty ( ( lambda s ( call SW.filter ( var s ) ( call SW.ensureNumericProperty ( string num_steals ) ) ( string >= ) ( call SW.ensureNumericEntity ( number 3 steal ) ) ) ) ( call SW.domain ( string player ) ) ) ( string player ) ) )
none	( call SW.listValue ( call SW.getProperty ( ( lambda s ( call SW.filter ( var s ) ( string num_games_played ) ( string ! = ) ( number 3 game ) ) ) ( call SW.domain ( string player ) ) ) ( string player ) ) )
none	( call SW.listValue ( call SW.getProperty ( ( lambda s ( call SW.filter ( var s ) ( call SW.ensureNumericProperty ( string season ) ) ( string < ) ( call SW.ensureNumericEntity ( date 2004 -1 -1 ) ) ) ) ( call SW.domain ( string player ) ) ) ( string player ) ) )
none	( call SW.listValue ( call SW.getProperty ( ( lambda s ( call SW.filter ( var s ) ( call SW.ensureNumericProperty ( string season ) ) ( string <= ) ( call SW.ensureNumericEntity ( date 2004 -1 -1 ) ) ) ) ( call SW.domain ( string player ) ) ) ( string player ) ) )
none	( call SW.listValue ( call SW.getProperty ( ( lambda s ( call SW.superlative ( var s ) ( string min ) ( call SW.ensureNumericProperty ( string num_turnovers ) ) ) ) ( call SW.domain ( string player ) ) ) ( string player ) ) )
none	( call SW.listValue ( call SW.getProperty ( ( lambda s ( call SW.filter ( var s ) ( string team ) ( string ! = ) en.team.lakers ) ) ( call SW.domain ( string player ) ) ) ( string player ) ) )
none	( call SW.listValue ( call SW.getProperty ( ( lambda s ( call SW.filter ( var s ) ( string season ) ( string = ) ( call SW.getProperty ( call SW.getProperty en.player.kobe_bryant ( call SW.reverse ( string player ) ) ) ( string season ) ) ) ) ( call SW.domain ( string player ) ) ) ( string player ) ) )
none	( call SW.listValue ( call SW.getProperty ( call SW.filter ( call SW.getProperty en.player.kobe_bryant ( call SW.reverse ( string player ) ) ) ( string position ) ( string = ) en.position.point_guard ) ( string position ) ) )
none	( call SW.listValue ( call SW.getProperty ( ( lambda s ( call SW.filter ( var s ) ( string num_points ) ( string ! = ) ( number 3 point ) ) ) ( call SW.domain ( string player ) ) ) ( string player ) ) )
none	( call SW.listValue ( call SW.getProperty ( ( lambda s ( call SW.filter ( var s ) ( string num_rebounds ) ( string = ) ( call SW.getProperty ( call SW.getProperty en.player.kobe_bryant ( call SW.reverse ( string player ) ) ) ( string num_rebounds ) ) ) ) ( call SW.domain ( string player ) ) ) ( string player ) ) )
none	( call SW.listValue ( call SW.getProperty ( ( lambda s ( call SW.filter ( var s ) ( call SW.ensureNumericProperty ( string season ) ) ( string >= ) ( call SW.ensureNumericEntity ( date 2004 -1 -1 ) ) ) ) ( call SW.domain ( string player ) ) ) ( string player ) ) )
none	( call SW.listValue ( call SW.getProperty ( call SW.getProperty en.player.kobe_bryant ( call SW.reverse ( string player ) ) ) ( string num_points ) ) )
none	( call SW.listValue ( call SW.getProperty ( ( lambda s ( call SW.filter ( var s ) ( string num_assists ) ( string ! = ) ( number 3 assist ) ) ) ( call SW.domain ( string player ) ) ) ( string player ) ) )
none	( call SW.listValue ( call SW.getProperty ( ( lambda s ( call SW.superlative ( var s ) ( string max ) ( call SW.ensureNumericProperty ( string num_assists ) ) ) ) ( call SW.domain ( string player ) ) ) ( string player ) ) )
none	( call SW.listValue ( call SW.getProperty ( ( lambda s ( call SW.superlative ( var s ) ( string max ) ( call SW.ensureNumericProperty ( string num_points ) ) ) ) ( call SW.domain ( string player ) ) ) ( string player ) ) )
none	( call SW.listValue ( call SW.getProperty ( ( lambda s ( call SW.filter ( var s ) ( string num_blocks ) ( string ! = ) ( number 3 block ) ) ) ( call SW.domain ( string player ) ) ) ( string player ) ) )
none	( call SW.listValue ( call SW.getProperty ( ( lambda s ( call SW.superlative ( var s ) ( string min ) ( call SW.ensureNumericProperty ( string num_fouls ) ) ) ) ( call SW.domain ( string player ) ) ) ( string player ) ) )
none	( call SW.listValue ( call SW.getProperty ( call SW.getProperty en.player.kobe_bryant ( call SW.reverse ( string player ) ) ) ( string num_turnovers ) ) )
none	( call SW.listValue ( call SW.getProperty ( ( lambda s ( call SW.superlative ( var s ) ( string max ) ( call SW.ensureNumericProperty ( string num_turnovers ) ) ) ) ( call SW.domain ( string player ) ) ) ( string player ) ) )
none	( call SW.listValue ( call SW.getProperty ( ( lambda s ( call SW.filter ( var s ) ( call SW.ensureNumericProperty ( string num_steals ) ) ( string < ) ( call SW.ensureNumericEntity ( number 3 steal ) ) ) ) ( call SW.domain ( string player ) ) ) ( string player ) ) )
none	( call SW.listValue ( call SW.getProperty ( ( lambda s ( call SW.countComparative ( var s ) ( string team ) ( string <= ) ( number 2 ) ) ) ( call SW.domain ( string player ) ) ) ( string player ) ) )
none	( call SW.listValue ( call SW.getProperty ( ( lambda s ( call SW.filter ( var s ) ( call SW.ensureNumericProperty ( string num_steals ) ) ( string > ) ( call SW.ensureNumericEntity ( number 3 steal ) ) ) ) ( call SW.domain ( string player ) ) ) ( string player ) ) )
none	( call SW.listValue ( call SW.getProperty ( call SW.getProperty en.player.kobe_bryant ( call SW.reverse ( string player ) ) ) ( string num_games_played ) ) )
none	( call SW.listValue ( call SW.getProperty ( ( lambda s ( call SW.superlative ( var s ) ( string max ) ( call SW.ensureNumericProperty ( string num_blocks ) ) ) ) ( call SW.domain ( string player ) ) ) ( string player ) ) )
none	( call SW.listValue ( call SW.getProperty ( ( lambda s ( call SW.filter ( var s ) ( call SW.ensureNumericProperty ( string num_rebounds ) ) ( string > ) ( call SW.ensureNumericEntity ( number 3 rebound ) ) ) ) ( call SW.domain ( string player ) ) ) ( string player ) ) )
none	( call SW.listValue ( call SW.getProperty ( ( lambda s ( call SW.superlative ( var s ) ( string min ) ( call SW.ensureNumericProperty ( string num_steals ) ) ) ) ( call SW.domain ( string player ) ) ) ( string player ) ) )
none	( call SW.listValue ( call SW.getProperty ( call SW.getProperty en.player.kobe_bryant ( call SW.reverse ( string player ) ) ) ( string num_blocks ) ) )
none	( call SW.listValue ( call SW.getProperty ( ( lambda s ( call SW.superlative ( var s ) ( string min ) ( call SW.ensureNumericProperty ( string num_games_played ) ) ) ) ( call SW.domain ( string player ) ) ) ( string player ) ) )
none	( call SW.listValue ( call SW.getProperty ( call SW.getProperty en.player.kobe_bryant ( call SW.reverse ( string player ) ) ) ( string num_assists ) ) )
none	( call SW.listValue ( call SW.concat en.team.lakers en.team.cavaliers ) )
none	( call SW.listValue ( call SW.getProperty ( ( lambda s ( call SW.superlative ( var s ) ( string max ) ( call SW.ensureNumericProperty ( string num_steals ) ) ) ) ( call SW.domain ( string player ) ) ) ( string player ) ) )
none	( call SW.listValue ( call SW.getProperty ( call SW.getProperty en.player.kobe_bryant ( call SW.reverse ( string player ) ) ) ( string num_steals ) ) )
none	( call SW.listValue ( call SW.getProperty ( ( lambda s ( call SW.countComparative ( var s ) ( string position ) ( string <= ) ( number 2 ) ) ) ( call SW.domain ( string player ) ) ) ( string player ) ) )
none	( call SW.listValue ( call SW.getProperty ( call SW.getProperty en.player.kobe_bryant ( call SW.reverse ( string player ) ) ) ( string num_fouls ) ) )
none	( call SW.listValue ( call SW.getProperty ( ( lambda s ( call SW.superlative ( var s ) ( string max ) ( call SW.ensureNumericProperty ( string num_games_played ) ) ) ) ( call SW.domain ( string player ) ) ) ( string player ) ) )
none	( call SW.listValue ( call SW.getProperty ( ( lambda s ( call SW.countSuperlative ( var s ) ( string min ) ( string position ) ) ) ( call SW.domain ( string player ) ) ) ( string player ) ) )
none	( call SW.listValue ( call SW.getProperty ( ( lambda s ( call SW.countComparative ( var s ) ( string position ) ( string < ) ( number 2 ) ) ) ( call SW.domain ( string player ) ) ) ( string player ) ) )
none	( call SW.listValue ( call SW.getProperty ( ( lambda s ( call SW.countSuperlative ( var s ) ( string min ) ( string team ) ) ) ( call SW.domain ( string player ) ) ) ( string player ) ) )
none	( call SW.listValue ( call SW.getProperty ( ( lambda s ( call SW.superlative ( var s ) ( string min ) ( call SW.ensureNumericProperty ( string season ) ) ) ) ( call SW.domain ( string player ) ) ) ( string player ) ) )
none	( call SW.listValue ( call SW.getProperty ( ( lambda s ( call SW.filter ( var s ) ( string num_rebounds ) ( string ! = ) ( number 3 rebound ) ) ) ( call SW.domain ( string player ) ) ) ( string player ) ) )
none	( call SW.listValue ( call SW.getProperty ( ( lambda s ( call SW.superlative ( var s ) ( string max ) ( call SW.ensureNumericProperty ( string season ) ) ) ) ( call SW.domain ( string player ) ) ) ( string player ) ) )
none	( call SW.listValue ( call SW.getProperty ( ( lambda s ( call SW.superlative ( var s ) ( string max ) ( call SW.ensureNumericProperty ( string num_fouls ) ) ) ) ( call SW.domain ( string player ) ) ) ( string player ) ) )
none	( call SW.listValue ( call SW.getProperty ( ( lambda s ( call SW.countSuperlative ( var s ) ( string max ) ( string position ) ) ) ( call SW.domain ( string player ) ) ) ( string player ) ) )
none	( call SW.listValue ( call SW.getProperty ( ( lambda s ( call SW.filter ( var s ) ( string season ) ( string = ) ( call SW.concat ( date 2004 -1 -1 ) ( date 2010 -1 -1 ) ) ) ) ( call SW.domain ( string player ) ) ) ( string player ) ) )
none	( call SW.listValue ( call SW.getProperty ( ( lambda s ( call SW.filter ( var s ) ( call SW.ensureNumericProperty ( string num_rebounds ) ) ( string < ) ( call SW.ensureNumericEntity ( number 3 rebound ) ) ) ) ( call SW.domain ( string player ) ) ) ( string player ) ) )
none	( call SW.listValue ( call SW.getProperty ( call SW.getProperty en.player.kobe_bryant ( call SW.reverse ( string player ) ) ) ( string team ) ) )
none	( call SW.listValue ( call SW.getProperty ( ( lambda s ( call SW.filter ( var s ) ( string num_steals ) ( string ! = ) ( number 3 steal ) ) ) ( call SW.domain ( string player ) ) ) ( string player ) ) )
none	( call SW.listValue ( call SW.getProperty ( call SW.getProperty en.player.kobe_bryant ( call SW.reverse ( string player ) ) ) ( string position ) ) )
none	( call SW.listValue ( call SW.getProperty ( ( lambda s ( call SW.superlative ( var s ) ( string min ) ( call SW.ensureNumericProperty ( string num_rebounds ) ) ) ) ( call SW.domain ( string player ) ) ) ( string player ) ) )
none	( call SW.listValue ( call SW.getProperty ( ( lambda s ( call SW.countSuperlative ( var s ) ( string max ) ( string team ) ) ) ( call SW.domain ( string player ) ) ) ( string player ) ) )
none	( call SW.listValue ( call SW.concat en.position.point_guard en.position.forward ) )
none	( call SW.listValue ( call SW.getProperty ( call SW.getProperty en.player.kobe_bryant ( call SW.reverse ( string player ) ) ) ( string season ) ) )
none	( call SW.listValue ( call SW.getProperty ( ( lambda s ( call SW.superlative ( var s ) ( string max ) ( call SW.ensureNumericProperty ( string num_rebounds ) ) ) ) ( call SW.domain ( string player ) ) ) ( string player ) ) )
none	( call SW.listValue ( call SW.getProperty ( call SW.getProperty en.player.kobe_bryant ( call SW.reverse ( string player ) ) ) ( string num_rebounds ) ) )
none	( call SW.listValue ( call SW.concat en.player.kobe_bryant en.player.lebron_james ) )
none	( call SW.listValue ( call SW.getProperty ( ( lambda s ( call SW.countComparative ( var s ) ( string team ) ( string < ) ( number 2 ) ) ) ( call SW.domain ( string player ) ) ) ( string player ) ) )
none	( call SW.listValue ( call SW.getProperty ( ( lambda s ( call SW.filter ( var s ) ( string season ) ( string ! = ) ( date 2004 -1 -1 ) ) ) ( call SW.domain ( string player ) ) ) ( string player ) ) )
none	( call SW.listValue ( call .size ( call SW.getProperty ( call SW.singleton en.position ) ( string ! type ) ) ) )
none	( call SW.listValue ( call SW.concat ( date 2004 -1 -1 ) ( date 2010 -1 -1 ) ) )
none	( call SW.listValue ( call .size ( call SW.getProperty ( call SW.singleton en.team ) ( string ! type ) ) ) )
none	( call SW.listValue ( call .size ( call SW.getProperty ( call SW.singleton en.player ) ( string ! type ) ) ) )
none	( call SW.listValue ( call SW.concat ( date 2010 -1 -1 ) ( date 2004 -1 -1 ) ) )
none	( call SW.listValue ( call SW.concat en.player.lebron_james en.player.kobe_bryant ) )
none	( call SW.listValue ( call SW.concat en.position.forward en.position.point_guard ) )
none	( call SW.listValue ( call SW.concat en.team.cavaliers en.team.lakers ) )
none	( call SW.listValue ( call SW.getProperty ( call SW.getProperty en.player.lebron_james ( call SW.reverse ( string player ) ) ) ( string num_assists ) ) )
none	( call SW.listValue ( call SW.getProperty ( call SW.getProperty en.player.lebron_james ( call SW.reverse ( string player ) ) ) ( string num_blocks ) ) )
none	( call SW.listValue ( call SW.getProperty ( call SW.getProperty en.player.lebron_james ( call SW.reverse ( string player ) ) ) ( string num_fouls ) ) )
none	( call SW.listValue ( call SW.getProperty ( call SW.getProperty en.player.lebron_james ( call SW.reverse ( string player ) ) ) ( string num_games_played ) ) )
none	( call SW.listValue ( call SW.getProperty ( call SW.getProperty en.player.lebron_james ( call SW.reverse ( string player ) ) ) ( string num_points ) ) )
none	( call SW.listValue ( call SW.getProperty ( call SW.getProperty en.player.lebron_james ( call SW.reverse ( string player ) ) ) ( string num_rebounds ) ) )
none	( call SW.listValue ( call SW.getProperty ( call SW.getProperty en.player.lebron_james ( call SW.reverse ( string player ) ) ) ( string num_steals ) ) )
none	( call SW.listValue ( call SW.getProperty ( call SW.getProperty en.player.lebron_james ( call SW.reverse ( string player ) ) ) ( string num_turnovers ) ) )
none	( call SW.listValue ( call SW.getProperty ( call SW.getProperty en.player.lebron_james ( call SW.reverse ( string player ) ) ) ( string position ) ) )
none	( call SW.listValue ( call SW.getProperty ( call SW.getProperty en.player.lebron_james ( call SW.reverse ( string player ) ) ) ( string season ) ) )
none	( call SW.listValue ( call SW.getProperty ( call SW.getProperty en.player.lebron_james ( call SW.reverse ( string player ) ) ) ( string team ) ) )
none	( call SW.listValue ( call SW.getProperty ( ( lambda s ( call SW.filter ( var s ) ( call SW.ensureNumericProperty ( string num_assists ) ) ( string <= ) ( call SW.ensureNumericEntity ( call SW.getProperty ( call SW.getProperty en.player.lebron_james ( call SW.reverse ( string player ) ) ) ( string num_assists ) ) ) ) ) ( call SW.domain ( string player ) ) ) ( string player ) ) )
none	( call SW.listValue ( call SW.getProperty ( ( lambda s ( call SW.filter ( var s ) ( call SW.ensureNumericProperty ( string num_assists ) ) ( string < ) ( call SW.ensureNumericEntity ( call SW.getProperty ( call SW.getProperty en.player.lebron_james ( call SW.reverse ( string player ) ) ) ( string num_assists ) ) ) ) ) ( call SW.domain ( string player ) ) ) ( string player ) ) )
none	( call SW.listValue ( call SW.getProperty ( ( lambda s ( call SW.filter ( var s ) ( call SW.ensureNumericProperty ( string num_assists ) ) ( string >= ) ( call SW.ensureNumericEntity ( call SW.getProperty ( call SW.getProperty en.player.lebron_james ( call SW.reverse ( string player ) ) ) ( string num_assists ) ) ) ) ) ( call SW.domain ( string player ) ) ) ( string player ) ) )
none	( call SW.listValue ( call SW.getProperty ( ( lambda s ( call SW.filter ( var s ) ( call SW.ensureNumericProperty ( string num_assists ) ) ( string > ) ( call SW.ensureNumericEntity ( call SW.getProperty ( call SW.getProperty en.player.lebron_james ( call SW.reverse ( string player ) ) ) ( string num_assists ) ) ) ) ) ( call SW.domain ( string player ) ) ) ( string player ) ) )
none	( call SW.listValue ( call SW.getProperty ( ( lambda s ( call SW.filter ( var s ) ( call SW.ensureNumericProperty ( string num_blocks ) ) ( string <= ) ( call SW.ensureNumericEntity ( call SW.getProperty ( call SW.getProperty en.player.lebron_james ( call SW.reverse ( string player ) ) ) ( string num_blocks ) ) ) ) ) ( call SW.domain ( string player ) ) ) ( string player ) ) )
none	( call SW.listValue ( call SW.getProperty ( ( lambda s ( call SW.filter ( var s ) ( call SW.ensureNumericProperty ( string num_blocks ) ) ( string < ) ( call SW.ensureNumericEntity ( call SW.getProperty ( call SW.getProperty en.player.lebron_james ( call SW.reverse ( string player ) ) ) ( string num_blocks ) ) ) ) ) ( call SW.domain ( string player ) ) ) ( string player ) ) )
none	( call SW.listValue ( call SW.getProperty ( ( lambda s ( call SW.filter ( var s ) ( call SW.ensureNumericProperty ( string num_blocks ) ) ( string >= ) ( call SW.ensureNumericEntity ( call SW.getProperty ( call SW.getProperty en.player.lebron_james ( call SW.reverse ( string player ) ) ) ( string num_blocks ) ) ) ) ) ( call SW.domain ( string player ) ) ) ( string player ) ) )
none	( call SW.listValue ( call SW.getProperty ( ( lambda s ( call SW.filter ( var s ) ( call SW.ensureNumericProperty ( string num_blocks ) ) ( string > ) ( call SW.ensureNumericEntity ( call SW.getProperty ( call SW.getProperty en.player.lebron_james ( call SW.reverse ( string player ) ) ) ( string num_blocks ) ) ) ) ) ( call SW.domain ( string player ) ) ) ( string player ) ) )
none	( call SW.listValue ( call SW.getProperty ( ( lambda s ( call SW.filter ( var s ) ( call SW.ensureNumericProperty ( string num_fouls ) ) ( string <= ) ( call SW.ensureNumericEntity ( call SW.getProperty ( call SW.getProperty en.player.lebron_james ( call SW.reverse ( string player ) ) ) ( string num_fouls ) ) ) ) ) ( call SW.domain ( string player ) ) ) ( string player ) ) )
none	( call SW.listValue ( call SW.getProperty ( ( lambda s ( call SW.filter ( var s ) ( call SW.ensureNumericProperty ( string num_fouls ) ) ( string < ) ( call SW.ensureNumericEntity ( call SW.getProperty ( call SW.getProperty en.player.lebron_james ( call SW.reverse ( string player ) ) ) ( string num_fouls ) ) ) ) ) ( call SW.domain ( string player ) ) ) ( string player ) ) )
none	( call SW.listValue ( call SW.getProperty ( ( lambda s ( call SW.filter ( var s ) ( call SW.ensureNumericProperty ( string num_fouls ) ) ( string >= ) ( call SW.ensureNumericEntity ( call SW.getProperty ( call SW.getProperty en.player.lebron_james ( call SW.reverse ( string player ) ) ) ( string num_fouls ) ) ) ) ) ( call SW.domain ( string player ) ) ) ( string player ) ) )
none	( call SW.listValue ( call SW.getProperty ( ( lambda s ( call SW.filter ( var s ) ( call SW.ensureNumericProperty ( string num_fouls ) ) ( string > ) ( call SW.ensureNumericEntity ( call SW.getProperty ( call SW.getProperty en.player.lebron_james ( call SW.reverse ( string player ) ) ) ( string num_fouls ) ) ) ) ) ( call SW.domain ( string player ) ) ) ( string player ) ) )
none	( call SW.listValue ( call SW.getProperty ( ( lambda s ( call SW.filter ( var s ) ( call SW.ensureNumericProperty ( string num_games_played ) ) ( string <= ) ( call SW.ensureNumericEntity ( call SW.getProperty ( call SW.getProperty en.player.lebron_james ( call SW.reverse ( string player ) ) ) ( string num_games_played ) ) ) ) ) ( call SW.domain ( string player ) ) ) ( string player ) ) )
none	( call SW.listValue ( call SW.getProperty ( ( lambda s ( call SW.filter ( var s ) ( call SW.ensureNumericProperty ( string num_games_played ) ) ( string < ) ( call SW.ensureNumericEntity ( call SW.getProperty ( call SW.getProperty en.player.lebron_james ( call SW.reverse ( string player ) ) ) ( string num_games_played ) ) ) ) ) ( call SW.domain ( string player ) ) ) ( string player ) ) )
none	( call SW.listValue ( call SW.getProperty ( ( lambda s ( call SW.filter ( var s ) ( call SW.ensureNumericProperty ( string num_games_played ) ) ( string >= ) ( call SW.ensureNumericEntity ( call SW.getProperty ( call SW.getProperty en.player.lebron_james ( call SW.reverse ( string player ) ) ) ( string num_games_played ) ) ) ) ) ( call SW.domain ( string player ) ) ) ( string player ) ) )
none	( call SW.listValue ( call SW.getProperty ( ( lambda s ( call SW.filter ( var s ) ( call SW.ensureNumericProperty ( string num_games_played ) ) ( string > ) ( call SW.ensureNumericEntity ( call SW.getProperty ( call SW.getProperty en.player.lebron_james ( call SW.reverse ( string player ) ) ) ( string num_games_played ) ) ) ) ) ( call SW.domain ( string player ) ) ) ( string player ) ) )
none	( call SW.listValue ( call SW.getProperty ( ( lambda s ( call SW.filter ( var s ) ( call SW.ensureNumericProperty ( string num_points ) ) ( string <= ) ( call SW.ensureNumericEntity ( call SW.getProperty ( call SW.getProperty en.player.lebron_james ( call SW.reverse ( string player ) ) ) ( string num_points ) ) ) ) ) ( call SW.domain ( string player ) ) ) ( string player ) ) )
none	( call SW.listValue ( call SW.getProperty ( ( lambda s ( call SW.filter ( var s ) ( call SW.ensureNumericProperty ( string num_points ) ) ( string < ) ( call SW.ensureNumericEntity ( call SW.getProperty ( call SW.getProperty en.player.lebron_james ( call SW.reverse ( string player ) ) ) ( string num_points ) ) ) ) ) ( call SW.domain ( string player ) ) ) ( string player ) ) )
none	( call SW.listValue ( call SW.getProperty ( ( lambda s ( call SW.filter ( var s ) ( call SW.ensureNumericProperty ( string num_points ) ) ( string >= ) ( call SW.ensureNumericEntity ( call SW.getProperty ( call SW.getProperty en.player.lebron_james ( call SW.reverse ( string player ) ) ) ( string num_points ) ) ) ) ) ( call SW.domain ( string player ) ) ) ( string player ) ) )
none	( call SW.listValue ( call SW.getProperty ( ( lambda s ( call SW.filter ( var s ) ( call SW.ensureNumericProperty ( string num_points ) ) ( string > ) ( call SW.ensureNumericEntity ( call SW.getProperty ( call SW.getProperty en.player.lebron_james ( call SW.reverse ( string player ) ) ) ( string num_points ) ) ) ) ) ( call SW.domain ( string player ) ) ) ( string player ) ) )
none	( call SW.listValue ( call SW.getProperty ( ( lambda s ( call SW.filter ( var s ) ( call SW.ensureNumericProperty ( string num_rebounds ) ) ( string <= ) ( call SW.ensureNumericEntity ( call SW.getProperty ( call SW.getProperty en.player.lebron_james ( call SW.reverse ( string player ) ) ) ( string num_rebounds ) ) ) ) ) ( call SW.domain ( string player ) ) ) ( string player ) ) )
none	( call SW.listValue ( call SW.getProperty ( ( lambda s ( call SW.filter ( var s ) ( call SW.ensureNumericProperty ( string num_rebounds ) ) ( string < ) ( call SW.ensureNumericEntity ( call SW.getProperty ( call SW.getProperty en.player.lebron_james ( call SW.reverse ( string player ) ) ) ( string num_rebounds ) ) ) ) ) ( call SW.domain ( string player ) ) ) ( string player ) ) )
none	( call SW.listValue ( call SW.getProperty ( ( lambda s ( call SW.filter ( var s ) ( call SW.ensureNumericProperty ( string num_rebounds ) ) ( string >= ) ( call SW.ensureNumericEntity ( call SW.getProperty ( call SW.getProperty en.player.lebron_james ( call SW.reverse ( string player ) ) ) ( string num_rebounds ) ) ) ) ) ( call SW.domain ( string player ) ) ) ( string player ) ) )
none	( call SW.listValue ( call SW.getProperty ( ( lambda s ( call SW.filter ( var s ) ( call SW.ensureNumericProperty ( string num_rebounds ) ) ( string > ) ( call SW.ensureNumericEntity ( call SW.getProperty ( call SW.getProperty en.player.lebron_james ( call SW.reverse ( string player ) ) ) ( string num_rebounds ) ) ) ) ) ( call SW.domain ( string player ) ) ) ( string player ) ) )
none	( call SW.listValue ( call SW.getProperty ( ( lambda s ( call SW.filter ( var s ) ( call SW.ensureNumericProperty ( string num_steals ) ) ( string <= ) ( call SW.ensureNumericEntity ( call SW.getProperty ( call SW.getProperty en.player.lebron_james ( call SW.reverse ( string player ) ) ) ( string num_steals ) ) ) ) ) ( call SW.domain ( string player ) ) ) ( string player ) ) )
none	( call SW.listValue ( call SW.getProperty ( ( lambda s ( call SW.filter ( var s ) ( call SW.ensureNumericProperty ( string num_steals ) ) ( string < ) ( call SW.ensureNumericEntity ( call SW.getProperty ( call SW.getProperty en.player.lebron_james ( call SW.reverse ( string player ) ) ) ( string num_steals ) ) ) ) ) ( call SW.domain ( string player ) ) ) ( string player ) ) )
none	( call SW.listValue ( call SW.getProperty ( ( lambda s ( call SW.filter ( var s ) ( call SW.ensureNumericProperty ( string num_steals ) ) ( string >= ) ( call SW.ensureNumericEntity ( call SW.getProperty ( call SW.getProperty en.player.lebron_james ( call SW.reverse ( string player ) ) ) ( string num_steals ) ) ) ) ) ( call SW.domain ( string player ) ) ) ( string player ) ) )
none	( call SW.listValue ( call SW.getProperty ( ( lambda s ( call SW.filter ( var s ) ( call SW.ensureNumericProperty ( string num_steals ) ) ( string > ) ( call SW.ensureNumericEntity ( call SW.getProperty ( call SW.getProperty en.player.lebron_james ( call SW.reverse ( string player ) ) ) ( string num_steals ) ) ) ) ) ( call SW.domain ( string player ) ) ) ( string player ) ) )
none	( call SW.listValue ( call SW.getProperty ( ( lambda s ( call SW.filter ( var s ) ( call SW.ensureNumericProperty ( string num_turnovers ) ) ( string <= ) ( call SW.ensureNumericEntity ( call SW.getProperty ( call SW.getProperty en.player.lebron_james ( call SW.reverse ( string player ) ) ) ( string num_turnovers ) ) ) ) ) ( call SW.domain ( string player ) ) ) ( string player ) ) )
none	( call SW.listValue ( call SW.getProperty ( ( lambda s ( call SW.filter ( var s ) ( call SW.ensureNumericProperty ( string num_turnovers ) ) ( string < ) ( call SW.ensureNumericEntity ( call SW.getProperty ( call SW.getProperty en.player.lebron_james ( call SW.reverse ( string player ) ) ) ( string num_turnovers ) ) ) ) ) ( call SW.domain ( string player ) ) ) ( string player ) ) )
none	( call SW.listValue ( call SW.getProperty ( ( lambda s ( call SW.filter ( var s ) ( call SW.ensureNumericProperty ( string num_turnovers ) ) ( string >= ) ( call SW.ensureNumericEntity ( call SW.getProperty ( call SW.getProperty en.player.lebron_james ( call SW.reverse ( string player ) ) ) ( string num_turnovers ) ) ) ) ) ( call SW.domain ( string player ) ) ) ( string player ) ) )
none	( call SW.listValue ( call SW.getProperty ( ( lambda s ( call SW.filter ( var s ) ( call SW.ensureNumericProperty ( string num_turnovers ) ) ( string > ) ( call SW.ensureNumericEntity ( call SW.getProperty ( call SW.getProperty en.player.lebron_james ( call SW.reverse ( string player ) ) ) ( string num_turnovers ) ) ) ) ) ( call SW.domain ( string player ) ) ) ( string player ) ) )
none	( call SW.listValue ( call SW.getProperty ( ( lambda s ( call SW.filter ( var s ) ( call SW.ensureNumericProperty ( string season ) ) ( string <= ) ( call SW.ensureNumericEntity ( call SW.concat ( date 2010 -1 -1 ) ( date 2004 -1 -1 ) ) ) ) ) ( call SW.domain ( string player ) ) ) ( string player ) ) )
none	( call SW.listValue ( call SW.getProperty ( ( lambda s ( call SW.filter ( var s ) ( call SW.ensureNumericProperty ( string season ) ) ( string < ) ( call SW.ensureNumericEntity ( call SW.concat ( date 2010 -1 -1 ) ( date 2004 -1 -1 ) ) ) ) ) ( call SW.domain ( string player ) ) ) ( string player ) ) )
none	( call SW.listValue ( call SW.getProperty ( ( lambda s ( call SW.filter ( var s ) ( call SW.ensureNumericProperty ( string season ) ) ( string >= ) ( call SW.ensureNumericEntity ( call SW.concat ( date 2010 -1 -1 ) ( date 2004 -1 -1 ) ) ) ) ) ( call SW.domain ( string player ) ) ) ( string player ) ) )
none	( call SW.listValue ( call SW.getProperty ( ( lambda s ( call SW.filter ( var s ) ( call SW.ensureNumericProperty ( string season ) ) ( string > ) ( call SW.ensureNumericEntity ( call SW.concat ( date 2010 -1 -1 ) ( date 2004 -1 -1 ) ) ) ) ) ( call SW.domain ( string player ) ) ) ( string player ) ) )
none	( call SW.listValue ( call SW.getProperty ( ( lambda s ( call SW.filter ( var s ) ( call SW.ensureNumericProperty ( string season ) ) ( string <= ) ( call SW.ensureNumericEntity ( call SW.getProperty ( call SW.getProperty en.player.lebron_james ( call SW.reverse ( string player ) ) ) ( string season ) ) ) ) ) ( call SW.domain ( string player ) ) ) ( string player ) ) )
none	( call SW.listValue ( call SW.getProperty ( ( lambda s ( call SW.filter ( var s ) ( call SW.ensureNumericProperty ( string season ) ) ( string < ) ( call SW.ensureNumericEntity ( call SW.getProperty ( call SW.getProperty en.player.lebron_james ( call SW.reverse ( string player ) ) ) ( string season ) ) ) ) ) ( call SW.domain ( string player ) ) ) ( string player ) ) )
none	( call SW.listValue ( call SW.getProperty ( ( lambda s ( call SW.filter ( var s ) ( call SW.ensureNumericProperty ( string season ) ) ( string >= ) ( call SW.ensureNumericEntity ( call SW.getProperty ( call SW.getProperty en.player.lebron_james ( call SW.reverse ( string player ) ) ) ( string season ) ) ) ) ) ( call SW.domain ( string player ) ) ) ( string player ) ) )
none	( call SW.listValue ( call SW.getProperty ( ( lambda s ( call SW.filter ( var s ) ( call SW.ensureNumericProperty ( string season ) ) ( string > ) ( call SW.ensureNumericEntity ( call SW.getProperty ( call SW.getProperty en.player.lebron_james ( call SW.reverse ( string player ) ) ) ( string season ) ) ) ) ) ( call SW.domain ( string player ) ) ) ( string player ) ) )
none	( call SW.listValue ( call SW.getProperty ( ( lambda s ( call SW.filter ( var s ) ( call SW.ensureNumericProperty ( string season ) ) ( string <= ) ( call SW.ensureNumericEntity ( date 2010 -1 -1 ) ) ) ) ( call SW.domain ( string player ) ) ) ( string player ) ) )
none	( call SW.listValue ( call SW.getProperty ( ( lambda s ( call SW.filter ( var s ) ( call SW.ensureNumericProperty ( string season ) ) ( string < ) ( call SW.ensureNumericEntity ( date 2010 -1 -1 ) ) ) ) ( call SW.domain ( string player ) ) ) ( string player ) ) )
none	( call SW.listValue ( call SW.getProperty ( ( lambda s ( call SW.filter ( var s ) ( string num_assists ) ( string = ) ( call SW.getProperty ( call SW.getProperty en.player.lebron_james ( call SW.reverse ( string player ) ) ) ( string num_assists ) ) ) ) ( call SW.domain ( string player ) ) ) ( string player ) ) )
none	( call SW.listValue ( call SW.getProperty ( ( lambda s ( call SW.filter ( var s ) ( string num_blocks ) ( string = ) ( call SW.getProperty ( call SW.getProperty en.player.lebron_james ( call SW.reverse ( string player ) ) ) ( string num_blocks ) ) ) ) ( call SW.domain ( string player ) ) ) ( string player ) ) )
none	( call SW.listValue ( call SW.getProperty ( ( lambda s ( call SW.filter ( var s ) ( string num_fouls ) ( string = ) ( call SW.getProperty ( call SW.getProperty en.player.lebron_james ( call SW.reverse ( string player ) ) ) ( string num_fouls ) ) ) ) ( call SW.domain ( string player ) ) ) ( string player ) ) )
none	( call SW.listValue ( call SW.getProperty ( ( lambda s ( call SW.filter ( var s ) ( string num_games_played ) ( string = ) ( call SW.getProperty ( call SW.getProperty en.player.lebron_james ( call SW.reverse ( string player ) ) ) ( string num_games_played ) ) ) ) ( call SW.domain ( string player ) ) ) ( string player ) ) )
none	( call SW.listValue ( call SW.getProperty ( ( lambda s ( call SW.filter ( var s ) ( string num_points ) ( string = ) ( call SW.getProperty ( call SW.getProperty en.player.lebron_james ( call SW.reverse ( string player ) ) ) ( string num_points ) ) ) ) ( call SW.domain ( string player ) ) ) ( string player ) ) )
none	( call SW.listValue ( call SW.getProperty ( ( lambda s ( call SW.filter ( var s ) ( string num_rebounds ) ( string = ) ( call SW.getProperty ( call SW.getProperty en.player.lebron_james ( call SW.reverse ( string player ) ) ) ( string num_rebounds ) ) ) ) ( call SW.domain ( string player ) ) ) ( string player ) ) )
none	( call SW.listValue ( call SW.getProperty ( ( lambda s ( call SW.filter ( var s ) ( string num_steals ) ( string = ) ( call SW.getProperty ( call SW.getProperty en.player.lebron_james ( call SW.reverse ( string player ) ) ) ( string num_steals ) ) ) ) ( call SW.domain ( string player ) ) ) ( string player ) ) )
none	( call SW.listValue ( call SW.getProperty ( ( lambda s ( call SW.filter ( var s ) ( string num_turnovers ) ( string = ) ( call SW.getProperty ( call SW.getProperty en.player.lebron_james ( call SW.reverse ( string player ) ) ) ( string num_turnovers ) ) ) ) ( call SW.domain ( string player ) ) ) ( string player ) ) )
none	( call SW.listValue ( call SW.getProperty ( ( lambda s ( call SW.filter ( var s ) ( string position ) ( string = ) ( call SW.concat en.position.forward en.position.point_guard ) ) ) ( call SW.domain ( string player ) ) ) ( string player ) ) )
none	( call SW.listValue ( call SW.getProperty ( ( lambda s ( call SW.filter ( var s ) ( string position ) ( string = ) ( call SW.getProperty ( call SW.getProperty en.player.lebron_james ( call SW.reverse ( string player ) ) ) ( string position ) ) ) ) ( call SW.domain ( string player ) ) ) ( string player ) ) )
none	( call SW.listValue ( call SW.getProperty ( ( lambda s ( call SW.filter ( var s ) ( string position ) ( string ! = ) en.position.forward ) ) ( call SW.domain ( string player ) ) ) ( string player ) ) )
none	( call SW.listValue ( call SW.getProperty ( ( lambda s ( call SW.filter ( var s ) ( string season ) ( string = ) ( call SW.concat ( date 2010 -1 -1 ) ( date 2004 -1 -1 ) ) ) ) ( call SW.domain ( string player ) ) ) ( string player ) ) )
none	( call SW.listValue ( call SW.getProperty ( ( lambda s ( call SW.filter ( var s ) ( string season ) ( string = ) ( call SW.getProperty ( call SW.getProperty en.player.lebron_james ( call SW.reverse ( string player ) ) ) ( string season ) ) ) ) ( call SW.domain ( string player ) ) ) ( string player ) ) )
none	( call SW.listValue ( call SW.getProperty ( ( lambda s ( call SW.filter ( var s ) ( string season ) ( string ! = ) ( date 2010 -1 -1 ) ) ) ( call SW.domain ( string player ) ) ) ( string player ) ) )
none	( call SW.listValue ( call SW.getProperty ( ( lambda s ( call SW.filter ( var s ) ( string team ) ( string = ) ( call SW.concat en.team.cavaliers en.team.lakers ) ) ) ( call SW.domain ( string player ) ) ) ( string player ) ) )
none	( call SW.listValue ( call SW.getProperty ( ( lambda s ( call SW.filter ( var s ) ( string team ) ( string = ) ( call SW.getProperty ( call SW.getProperty en.player.lebron_james ( call SW.reverse ( string player ) ) ) ( string team ) ) ) ) ( call SW.domain ( string player ) ) ) ( string player ) ) )
none	( call SW.listValue ( call SW.getProperty ( ( lambda s ( call SW.filter ( var s ) ( string team ) ( string ! = ) en.team.cavaliers ) ) ( call SW.domain ( string player ) ) ) ( string player ) ) )