none	( call SW.listValue ( call SW.filter ( call SW.filter ( call SW.getProperty ( call SW.singleton en.location ) ( string ! type ) ) ( call SW.reverse ( string location ) ) ( string = ) en.meeting.weekly_standup ) ( call SW.reverse ( string location ) ) ( string = ) en.meeting.weekly_standup ) )
none	( call SW.listValue ( call SW.filter ( call SW.getProperty ( call SW.singleton en.meeting ) ( string ! type ) ) ( call SW.ensureNumericProperty ( string end_time ) ) ( string >= ) ( call SW.ensureNumericEntity ( call SW.getProperty en.meeting.weekly_standup ( string start_time ) ) ) ) )
none	( call SW.listValue ( call SW.filter ( call SW.getProperty ( call SW.singleton en.meeting ) ( string ! type ) ) ( call SW.ensureNumericProperty ( string start_time ) ) ( string >= ) ( call SW.ensureNumericEntity ( call SW.getProperty en.meeting.weekly_standup ( string start_time ) ) ) ) )
none	( call SW.listValue ( call SW.filter ( call SW.getProperty ( call SW.singleton en.meeting ) ( string ! type ) ) ( call SW.ensureNumericProperty ( string start_time ) ) ( string < ) ( call SW.ensureNumericEntity ( call SW.getProperty en.meeting.weekly_standup ( string start_time ) ) ) ) )
none	( call SW.listValue ( call SW.filter ( call SW.getProperty ( call SW.singleton en.meeting ) ( string ! type ) ) ( call SW.ensureNumericProperty ( string start_time ) ) ( string > ) ( call SW.ensureNumericEntity ( call SW.getProperty en.meeting.weekly_standup ( string start_time ) ) ) ) )
none	( call SW.listValue ( call SW.filter ( call SW.getProperty ( call SW.singleton en.meeting ) ( string ! type ) ) ( call SW.ensureNumericProperty ( string length ) ) ( string < ) ( call SW.ensureNumericEntity ( call SW.getProperty en.meeting.weekly_standup ( string length ) ) ) ) )
none	( call SW.listValue ( call SW.filter ( call SW.getProperty ( call SW.singleton en.meeting ) ( string ! type ) ) ( call SW.ensureNumericProperty ( string start_time ) ) ( string <= ) ( call SW.ensureNumericEntity ( call SW.getProperty en.meeting.weekly_standup ( string start_time ) ) ) ) )
none	( call SW.listValue ( call SW.filter ( call SW.getProperty ( call SW.singleton en.meeting ) ( string ! type ) ) ( string location ) ( string = ) ( call SW.filter ( call SW.getProperty ( call SW.singleton en.location ) ( string ! type ) ) ( call SW.reverse ( string location ) ) ( string = ) en.meeting.weekly_standup ) ) )
none	( call SW.listValue ( call SW.filter ( call SW.getProperty ( call SW.singleton en.meeting ) ( string ! type ) ) ( call SW.ensureNumericProperty ( string end_time ) ) ( string < ) ( call SW.ensureNumericEntity ( call SW.getProperty en.meeting.weekly_standup ( string start_time ) ) ) ) )
none	( call SW.listValue ( call SW.filter ( call SW.getProperty ( call SW.singleton en.meeting ) ( string ! type ) ) ( call SW.ensureNumericProperty ( string end_time ) ) ( string >= ) ( call SW.ensureNumericEntity ( call SW.concat ( time 10 0 ) ( time 15 0 ) ) ) ) )
none	( call SW.listValue ( call SW.filter ( call SW.getProperty ( call SW.singleton en.meeting ) ( string ! type ) ) ( call SW.ensureNumericProperty ( string end_time ) ) ( string >= ) ( call SW.ensureNumericEntity ( call SW.getProperty en.meeting.weekly_standup ( string end_time ) ) ) ) )
none	( call SW.listValue ( call SW.filter ( call SW.getProperty ( call SW.singleton en.meeting ) ( string ! type ) ) ( call SW.ensureNumericProperty ( string start_time ) ) ( string < ) ( call SW.ensureNumericEntity ( call SW.getProperty en.meeting.weekly_standup ( string end_time ) ) ) ) )
none	( call SW.listValue ( call SW.filter ( call SW.getProperty ( call SW.singleton en.meeting ) ( string ! type ) ) ( call SW.ensureNumericProperty ( string length ) ) ( string < ) ( call SW.ensureNumericEntity ( call SW.concat ( number 3 en.hour ) ( number 1 en.hour ) ) ) ) )
none	( call SW.listValue ( call SW.filter ( call SW.filter ( call SW.getProperty ( call SW.singleton en.person ) ( string ! type ) ) ( call SW.reverse ( string attendee ) ) ( string = ) en.meeting.weekly_standup ) ( call SW.reverse ( string attendee ) ) ( string = ) en.meeting.weekly_standup ) )
none	( call SW.listValue ( call SW.filter ( call SW.getProperty ( call SW.singleton en.meeting ) ( string ! type ) ) ( call SW.ensureNumericProperty ( string length ) ) ( string <= ) ( call SW.ensureNumericEntity ( call SW.getProperty en.meeting.weekly_standup ( string length ) ) ) ) )
none	( call SW.listValue ( call SW.filter ( call SW.getProperty ( call SW.singleton en.meeting ) ( string ! type ) ) ( call SW.ensureNumericProperty ( string start_time ) ) ( string >= ) ( call SW.ensureNumericEntity ( call SW.getProperty en.meeting.weekly_standup ( string end_time ) ) ) ) )
none	( call SW.listValue ( call SW.filter ( call SW.getProperty ( call SW.singleton en.location ) ( string ! type ) ) ( call SW.reverse ( string location ) ) ( string = ) ( call SW.filter ( call SW.getProperty ( call SW.singleton en.meeting ) ( string ! type ) ) ( string length ) ( string = ) ( number 3 en.hour ) ) ) )
none	( call SW.listValue ( call SW.filter ( call SW.getProperty ( call SW.singleton en.meeting ) ( string ! type ) ) ( call SW.ensureNumericProperty ( string end_time ) ) ( string > ) ( call SW.ensureNumericEntity ( call SW.getProperty en.meeting.weekly_standup ( string start_time ) ) ) ) )
none	( call SW.listValue ( call SW.filter ( call SW.getProperty ( call SW.singleton en.meeting ) ( string ! type ) ) ( call SW.ensureNumericProperty ( string end_time ) ) ( string <= ) ( call SW.ensureNumericEntity ( call SW.getProperty en.meeting.weekly_standup ( string start_time ) ) ) ) )
none	( call SW.listValue ( call SW.filter ( call SW.getProperty ( call SW.singleton en.meeting ) ( string ! type ) ) ( call SW.ensureNumericProperty ( string start_time ) ) ( string >= ) ( call SW.ensureNumericEntity ( call SW.concat ( time 10 0 ) ( time 15 0 ) ) ) ) )
none	( call SW.listValue ( call SW.filter ( call SW.getProperty ( call SW.singleton en.meeting ) ( string ! type ) ) ( string start_time ) ( string = ) ( call SW.getProperty en.meeting.weekly_standup ( string start_time ) ) ) )
none	( call SW.listValue ( call SW.filter ( call SW.getProperty ( call SW.singleton en.meeting ) ( string ! type ) ) ( call SW.ensureNumericProperty ( string start_time ) ) ( string <= ) ( call SW.ensureNumericEntity ( call SW.getProperty en.meeting.weekly_standup ( string end_time ) ) ) ) )
none	( call SW.listValue ( call SW.filter ( call SW.getProperty ( call SW.singleton en.meeting ) ( string ! type ) ) ( call SW.ensureNumericProperty ( string length ) ) ( string >= ) ( call SW.ensureNumericEntity ( call SW.getProperty en.meeting.weekly_standup ( string length ) ) ) ) )
none	( call SW.listValue ( call SW.filter ( call SW.getProperty ( call SW.singleton en.meeting ) ( string ! type ) ) ( call SW.ensureNumericProperty ( string start_time ) ) ( string < ) ( call SW.ensureNumericEntity ( call SW.concat ( time 10 0 ) ( time 15 0 ) ) ) ) )
none	( call SW.listValue ( call SW.filter ( call SW.filter ( call SW.getProperty ( call SW.singleton en.meeting ) ( string ! type ) ) ( string location ) ( string = ) en.location.greenberg_cafe ) ( string location ) ( string = ) en.location.greenberg_cafe ) )
none	( call SW.listValue ( call SW.filter ( call SW.filter ( call SW.getProperty ( call SW.singleton en.meeting ) ( string ! type ) ) ( string length ) ( string = ) ( number 3 en.hour ) ) ( string location ) ( string = ) en.location.greenberg_cafe ) )
none	( call SW.listValue ( call SW.filter ( call SW.filter ( call SW.getProperty ( call SW.singleton en.meeting ) ( string ! type ) ) ( string length ) ( string = ) ( number 3 en.hour ) ) ( string length ) ( string = ) ( number 3 en.hour ) ) )
none	( call SW.listValue ( call SW.filter ( call SW.getProperty ( call SW.singleton en.meeting ) ( string ! type ) ) ( call SW.ensureNumericProperty ( string end_time ) ) ( string <= ) ( call SW.ensureNumericEntity ( call SW.getProperty en.meeting.weekly_standup ( string end_time ) ) ) ) )
none	( call SW.listValue ( call SW.filter ( call SW.getProperty ( call SW.singleton en.location ) ( string ! type ) ) ( call SW.reverse ( string location ) ) ( string = ) ( call SW.filter ( call SW.getProperty ( call SW.singleton en.meeting ) ( string ! type ) ) ( string location ) ( string = ) en.location.greenberg_cafe ) ) )
none	( call SW.listValue ( call SW.filter ( call SW.filter ( call SW.getProperty ( call SW.singleton en.meeting ) ( string ! type ) ) ( string end_time ) ( string = ) ( time 10 0 ) ) ( string length ) ( string = ) ( number 3 en.hour ) ) )
none	( call SW.listValue ( call SW.filter ( call SW.filter ( call SW.getProperty ( call SW.singleton en.meeting ) ( string ! type ) ) ( string start_time ) ( string = ) ( time 10 0 ) ) ( string length ) ( string = ) ( number 3 en.hour ) ) )
none	( call SW.listValue ( call SW.filter ( call SW.filter ( call SW.getProperty ( call SW.singleton en.meeting ) ( string ! type ) ) ( string location ) ( string = ) en.location.greenberg_cafe ) ( string length ) ( string = ) ( number 3 en.hour ) ) )
none	( call SW.listValue ( call SW.filter ( call SW.getProperty ( call SW.singleton en.meeting ) ( string ! type ) ) ( string attendee ) ( string = ) ( call SW.filter ( call SW.getProperty ( call SW.singleton en.person ) ( string ! type ) ) ( call SW.reverse ( string attendee ) ) ( string = ) en.meeting.weekly_standup ) ) )
none	( call SW.listValue ( call SW.filter ( call SW.getProperty ( call SW.singleton en.meeting ) ( string ! type ) ) ( call SW.ensureNumericProperty ( string length ) ) ( string > ) ( call SW.ensureNumericEntity ( call SW.getProperty en.meeting.weekly_standup ( string length ) ) ) ) )
none	( call SW.listValue ( call SW.filter ( call SW.filter ( call SW.getProperty ( call SW.singleton en.meeting ) ( string ! type ) ) ( string start_time ) ( string = ) ( time 10 0 ) ) ( string location ) ( string = ) en.location.greenberg_cafe ) )
none	( call SW.listValue ( call SW.filter ( call SW.filter ( call SW.getProperty ( call SW.singleton en.meeting ) ( string ! type ) ) ( string attendee ) ( string = ) en.person.alice ) ( string location ) ( string = ) en.location.greenberg_cafe ) )
none	( call SW.listValue ( call SW.filter ( call SW.getProperty ( call SW.singleton en.meeting ) ( string ! type ) ) ( call SW.ensureNumericProperty ( string end_time ) ) ( string > ) ( call SW.ensureNumericEntity ( call SW.getProperty en.meeting.weekly_standup ( string end_time ) ) ) ) )
none	( call SW.listValue ( call SW.filter ( call SW.getProperty ( call SW.singleton en.person ) ( string ! type ) ) ( call SW.reverse ( string attendee ) ) ( string = ) ( call SW.filter ( call SW.getProperty ( call SW.singleton en.meeting ) ( string ! type ) ) ( string attendee ) ( string = ) en.person.alice ) ) )
none	( call SW.listValue ( call SW.filter ( call SW.getProperty ( call SW.singleton en.meeting ) ( string ! type ) ) ( call SW.ensureNumericProperty ( string start_time ) ) ( string > ) ( call SW.ensureNumericEntity ( call SW.getProperty en.meeting.weekly_standup ( string end_time ) ) ) ) )
none	( call SW.listValue ( call SW.filter ( call SW.filter ( call SW.getProperty ( call SW.singleton en.meeting ) ( string ! type ) ) ( string end_time ) ( string = ) ( time 10 0 ) ) ( string location ) ( string = ) en.location.greenberg_cafe ) )
none	( call SW.listValue ( call SW.filter ( call SW.getProperty ( call SW.singleton en.meeting ) ( string ! type ) ) ( call SW.ensureNumericProperty ( string end_time ) ) ( string > ) ( call SW.ensureNumericEntity ( call SW.concat ( time 10 0 ) ( time 15 0 ) ) ) ) )
none	( call SW.listValue ( call SW.filter ( call SW.filter ( call SW.getProperty ( call SW.singleton en.meeting ) ( string ! type ) ) ( string length ) ( string = ) ( number 3 en.hour ) ) ( string end_time ) ( string = ) ( time 10 0 ) ) )
none	( call SW.listValue ( call SW.filter ( call SW.filter ( call SW.getProperty ( call SW.singleton en.meeting ) ( string ! type ) ) ( string length ) ( string = ) ( number 3 en.hour ) ) ( string start_time ) ( string = ) ( time 10 0 ) ) )
none	( call SW.listValue ( call SW.filter ( call SW.filter ( call SW.getProperty ( call SW.singleton en.meeting ) ( string ! type ) ) ( string attendee ) ( string = ) en.person.alice ) ( string length ) ( string = ) ( number 3 en.hour ) ) )
none	( call SW.listValue ( call SW.filter ( call SW.getProperty ( call SW.singleton en.person ) ( string ! type ) ) ( call SW.reverse ( string attendee ) ) ( string = ) ( call SW.concat en.meeting.weekly_standup en.meeting.annual_review ) ) )
none	( call SW.listValue ( call SW.filter ( call SW.getProperty ( call SW.singleton en.meeting ) ( string ! type ) ) ( call SW.ensureNumericProperty ( string end_time ) ) ( string <= ) ( call SW.ensureNumericEntity ( call SW.concat ( time 10 0 ) ( time 15 0 ) ) ) ) )
none	( call SW.listValue ( call SW.filter ( call SW.getProperty ( call SW.singleton en.person ) ( string ! type ) ) ( call SW.reverse ( string attendee ) ) ( string = ) ( call SW.filter ( call SW.getProperty ( call SW.singleton en.meeting ) ( string ! type ) ) ( string length ) ( string = ) ( number 3 en.hour ) ) ) )
none	( call SW.listValue ( call SW.filter ( call SW.getProperty ( call SW.singleton en.person ) ( string ! type ) ) ( call SW.reverse ( string attendee ) ) ( string = ) ( call SW.filter ( call SW.getProperty ( call SW.singleton en.meeting ) ( string ! type ) ) ( string location ) ( string = ) en.location.greenberg_cafe ) ) )
none	( call SW.listValue ( call SW.filter ( call SW.getProperty ( call SW.singleton en.location ) ( string ! type ) ) ( call SW.reverse ( string location ) ) ( string = ) ( call SW.filter ( call SW.getProperty ( call SW.singleton en.meeting ) ( string ! type ) ) ( string start_time ) ( string = ) ( time 10 0 ) ) ) )
none	( call SW.listValue ( call SW.filter ( call SW.filter ( call SW.getProperty ( call SW.singleton en.meeting ) ( string ! type ) ) ( string location ) ( string = ) en.location.greenberg_cafe ) ( string date ) ( string = ) ( date 2015 1 2 ) ) )
none	( call SW.listValue ( call SW.filter ( call SW.getProperty ( call SW.singleton en.meeting ) ( string ! type ) ) ( string attendee ) ( string = ) ( call SW.getProperty en.meeting.weekly_standup ( string attendee ) ) ) )
none	( call SW.listValue ( call SW.filter ( call SW.getProperty ( call SW.singleton en.meeting ) ( string ! type ) ) ( call SW.ensureNumericProperty ( string start_time ) ) ( string > ) ( call SW.ensureNumericEntity ( call SW.concat ( time 10 0 ) ( time 15 0 ) ) ) ) )
none	( call SW.listValue ( call SW.filter ( call SW.getProperty ( call SW.singleton en.meeting ) ( string ! type ) ) ( call SW.ensureNumericProperty ( string length ) ) ( string > ) ( call SW.ensureNumericEntity ( call SW.concat ( number 3 en.hour ) ( number 1 en.hour ) ) ) ) )
none	( call SW.listValue ( call SW.filter ( call SW.filter ( call SW.getProperty ( call SW.singleton en.meeting ) ( string ! type ) ) ( string location ) ( string = ) en.location.greenberg_cafe ) ( string start_time ) ( string = ) ( time 10 0 ) ) )
none	( call SW.listValue ( call SW.filter ( call SW.getProperty ( call SW.singleton en.location ) ( string ! type ) ) ( call SW.reverse ( string location ) ) ( string = ) ( call SW.filter ( call SW.getProperty ( call SW.singleton en.meeting ) ( string ! type ) ) ( string attendee ) ( string = ) en.person.alice ) ) )
none	( call SW.listValue ( call SW.filter ( call SW.getProperty ( call SW.singleton en.meeting ) ( string ! type ) ) ( string end_time ) ( string = ) ( call SW.getProperty en.meeting.weekly_standup ( string start_time ) ) ) )
none	( call SW.listValue ( call SW.countSuperlative ( call SW.getProperty ( call SW.singleton en.location ) ( string ! type ) ) ( string min ) ( call SW.reverse ( string location ) ) ( call SW.getProperty ( call SW.singleton en.meeting ) ( string ! type ) ) ) )
none	( call SW.listValue ( call SW.filter ( call SW.getProperty ( call SW.singleton en.meeting ) ( string ! type ) ) ( string start_time ) ( string = ) ( call SW.getProperty en.meeting.weekly_standup ( string end_time ) ) ) )
none	( call SW.listValue ( call SW.filter ( call SW.filter ( call SW.getProperty ( call SW.singleton en.meeting ) ( string ! type ) ) ( string date ) ( string = ) ( date 2015 1 2 ) ) ( string length ) ( string = ) ( number 3 en.hour ) ) )
none	( call SW.listValue ( call SW.filter ( call SW.filter ( call SW.getProperty ( call SW.singleton en.meeting ) ( string ! type ) ) ( string start_time ) ( string = ) ( time 10 0 ) ) ( string end_time ) ( string = ) ( time 10 0 ) ) )
none	( call SW.listValue ( call SW.filter ( call SW.filter ( call SW.getProperty ( call SW.singleton en.meeting ) ( string ! type ) ) ( string location ) ( string = ) en.location.greenberg_cafe ) ( string attendee ) ( string = ) en.person.alice ) )
none	( call SW.listValue ( call SW.filter ( call SW.getProperty ( call SW.singleton en.meeting ) ( string ! type ) ) ( call SW.ensureNumericProperty ( string length ) ) ( string <= ) ( call SW.ensureNumericEntity ( call SW.concat ( number 3 en.hour ) ( number 1 en.hour ) ) ) ) )
none	( call SW.listValue ( call SW.filter ( call SW.getProperty ( call SW.singleton en.meeting ) ( string ! type ) ) ( call SW.ensureNumericProperty ( string start_time ) ) ( string <= ) ( call SW.ensureNumericEntity ( call SW.concat ( time 10 0 ) ( time 15 0 ) ) ) ) )
none	( call SW.listValue ( call SW.filter ( call SW.getProperty ( call SW.singleton en.meeting ) ( string ! type ) ) ( call SW.ensureNumericProperty ( string length ) ) ( string >= ) ( call SW.ensureNumericEntity ( call SW.concat ( number 3 en.hour ) ( number 1 en.hour ) ) ) ) )
none	( call SW.listValue ( call SW.filter ( call SW.filter ( call SW.getProperty ( call SW.singleton en.meeting ) ( string ! type ) ) ( string end_time ) ( string = ) ( time 10 0 ) ) ( string date ) ( string = ) ( date 2015 1 2 ) ) )
none	( call SW.listValue ( call SW.filter ( call SW.filter ( call SW.getProperty ( call SW.singleton en.meeting ) ( string ! type ) ) ( string length ) ( string = ) ( number 3 en.hour ) ) ( string attendee ) ( string = ) en.person.alice ) )
none	( call SW.listValue ( call SW.filter ( call SW.getProperty ( call SW.singleton en.meeting ) ( string ! type ) ) ( call SW.ensureNumericProperty ( string end_time ) ) ( string < ) ( call SW.ensureNumericEntity ( call SW.getProperty en.meeting.weekly_standup ( string end_time ) ) ) ) )
none	( call SW.listValue ( call SW.filter ( call SW.filter ( call SW.getProperty ( call SW.singleton en.meeting ) ( string ! type ) ) ( string start_time ) ( string = ) ( time 10 0 ) ) ( string date ) ( string = ) ( date 2015 1 2 ) ) )
none	( call SW.listValue ( call SW.filter ( call SW.getProperty ( call SW.singleton en.meeting ) ( string ! type ) ) ( string end_time ) ( string = ) ( call SW.getProperty en.meeting.weekly_standup ( string end_time ) ) ) )
none	( call SW.listValue ( call SW.filter ( call SW.getProperty ( call SW.singleton en.location ) ( string ! type ) ) ( call SW.reverse ( string location ) ) ( string = ) ( call SW.filter ( call SW.getProperty ( call SW.singleton en.meeting ) ( string ! type ) ) ( string date ) ( string = ) ( date 2015 1 2 ) ) ) )
none	( call SW.listValue ( call SW.filter ( call SW.getProperty ( call SW.singleton en.meeting ) ( string ! type ) ) ( string length ) ( string = ) ( call SW.getProperty en.meeting.weekly_standup ( string length ) ) ) )
none	( call SW.listValue ( call SW.filter ( call SW.filter ( call SW.getProperty ( call SW.singleton en.meeting ) ( string ! type ) ) ( string length ) ( string = ) ( number 3 en.hour ) ) ( string date ) ( string = ) ( date 2015 1 2 ) ) )
none	( call SW.listValue ( call SW.filter ( call SW.getProperty ( call SW.singleton en.person ) ( string ! type ) ) ( call SW.reverse ( string attendee ) ) ( string = ) ( call SW.filter ( call SW.getProperty ( call SW.singleton en.meeting ) ( string ! type ) ) ( string end_time ) ( string = ) ( time 10 0 ) ) ) )
none	( call SW.listValue ( call SW.filter ( call SW.getProperty ( call SW.singleton en.meeting ) ( string ! type ) ) ( call SW.ensureNumericProperty ( string end_time ) ) ( string < ) ( call SW.ensureNumericEntity ( call SW.concat ( time 10 0 ) ( time 15 0 ) ) ) ) )
none	( call SW.listValue ( call SW.countComparative ( call SW.getProperty ( call SW.singleton en.location ) ( string ! type ) ) ( call SW.reverse ( string location ) ) ( string > ) ( number 2 ) ( call SW.getProperty ( call SW.singleton en.meeting ) ( string ! type ) ) ) )
none	( call SW.listValue ( call SW.filter ( call SW.getProperty ( call SW.singleton en.location ) ( string ! type ) ) ( call SW.reverse ( string location ) ) ( string = ) ( call SW.filter ( call SW.getProperty ( call SW.singleton en.meeting ) ( string ! type ) ) ( string end_time ) ( string = ) ( time 10 0 ) ) ) )
none	( call SW.listValue ( call SW.filter ( call SW.getProperty ( call SW.singleton en.location ) ( string ! type ) ) ( call SW.reverse ( string location ) ) ( string = ) ( call SW.concat en.meeting.weekly_standup en.meeting.annual_review ) ) )
none	( call SW.listValue ( call SW.filter ( call SW.filter ( call SW.getProperty ( call SW.singleton en.meeting ) ( string ! type ) ) ( string end_time ) ( string = ) ( time 10 0 ) ) ( string attendee ) ( string = ) en.person.alice ) )
none	( call SW.listValue ( call SW.filter ( call SW.filter ( call SW.getProperty ( call SW.singleton en.meeting ) ( string ! type ) ) ( string date ) ( string = ) ( date 2015 1 2 ) ) ( string location ) ( string = ) en.location.greenberg_cafe ) )
none	( call SW.listValue ( call SW.filter ( call SW.filter ( call SW.getProperty ( call SW.singleton en.meeting ) ( string ! type ) ) ( string location ) ( string = ) en.location.greenberg_cafe ) ( string end_time ) ( string = ) ( time 10 0 ) ) )
none	( call SW.listValue ( call SW.filter ( call SW.filter ( call SW.getProperty ( call SW.singleton en.meeting ) ( string ! type ) ) ( string is_important ) ) ( string location ) ( string = ) en.location.greenberg_cafe ) )
none	( call SW.listValue ( call SW.filter ( call SW.getProperty ( call SW.singleton en.meeting ) ( string ! type ) ) ( call SW.ensureNumericProperty ( string date ) ) ( string < ) ( call SW.ensureNumericEntity ( call SW.concat ( date 2015 1 2 ) ( date 2015 1 3 ) ) ) ) )
none	( call SW.listValue ( call SW.filter ( call SW.getProperty ( call SW.singleton en.meeting ) ( string ! type ) ) ( string start_time ) ( string = ) ( call SW.concat ( time 10 0 ) ( time 15 0 ) ) ) )
none	( call SW.listValue ( call SW.filter ( call SW.getProperty ( call SW.singleton en.meeting ) ( string ! type ) ) ( string location ) ( string = ) ( call SW.concat en.location.greenberg_cafe en.location.central_office ) ) )
none	( call SW.listValue ( call SW.filter ( call SW.filter ( call SW.getProperty ( call SW.singleton en.meeting ) ( string ! type ) ) ( string is_important ) ) ( string length ) ( string = ) ( number 3 en.hour ) ) )
none	( call SW.listValue ( call SW.countComparative ( call SW.getProperty ( call SW.singleton en.location ) ( string ! type ) ) ( call SW.reverse ( string location ) ) ( string >= ) ( number 2 ) ( call SW.getProperty ( call SW.singleton en.meeting ) ( string ! type ) ) ) )
none	( call SW.listValue ( call SW.filter ( call SW.getProperty ( call SW.singleton en.person ) ( string ! type ) ) ( call SW.reverse ( string attendee ) ) ( string = ) ( call SW.filter ( call SW.getProperty ( call SW.singleton en.meeting ) ( string ! type ) ) ( string date ) ( string = ) ( date 2015 1 2 ) ) ) )
none	( call SW.listValue ( call SW.countComparative ( call SW.getProperty ( call SW.singleton en.person ) ( string ! type ) ) ( call SW.reverse ( string attendee ) ) ( string < ) ( number 2 ) ( call SW.getProperty ( call SW.singleton en.meeting ) ( string ! type ) ) ) )
none	( call SW.listValue ( call SW.countSuperlative ( call SW.getProperty ( call SW.singleton en.person ) ( string ! type ) ) ( string max ) ( call SW.reverse ( string attendee ) ) ( call SW.getProperty ( call SW.singleton en.meeting ) ( string ! type ) ) ) )
none	( call SW.listValue ( call SW.filter ( call SW.filter ( call SW.getProperty ( call SW.singleton en.meeting ) ( string ! type ) ) ( string attendee ) ( string = ) en.person.alice ) ( string end_time ) ( string = ) ( time 10 0 ) ) )
none	( call SW.listValue ( call SW.filter ( call SW.getProperty ( call SW.singleton en.meeting ) ( string ! type ) ) ( call SW.ensureNumericProperty ( string date ) ) ( string < ) ( call SW.ensureNumericEntity ( call SW.getProperty en.meeting.weekly_standup ( string date ) ) ) ) )
none	( call SW.listValue ( call SW.filter ( call SW.getProperty ( call SW.singleton en.meeting ) ( string ! type ) ) ( call SW.ensureNumericProperty ( string date ) ) ( string > ) ( call SW.ensureNumericEntity ( call SW.concat ( date 2015 1 2 ) ( date 2015 1 3 ) ) ) ) )
none	( call SW.listValue ( call SW.filter ( call SW.filter ( call SW.getProperty ( call SW.singleton en.meeting ) ( string ! type ) ) ( string end_time ) ( string = ) ( time 10 0 ) ) ( string start_time ) ( string = ) ( time 10 0 ) ) )
none	( call SW.listValue ( call SW.filter ( call SW.getProperty ( call SW.singleton en.person ) ( string ! type ) ) ( call SW.reverse ( string attendee ) ) ( string = ) ( call SW.filter ( call SW.getProperty ( call SW.singleton en.meeting ) ( string ! type ) ) ( string start_time ) ( string = ) ( time 10 0 ) ) ) )
none	( call SW.listValue ( call SW.filter ( call SW.getProperty ( call SW.singleton en.meeting ) ( string ! type ) ) ( call SW.ensureNumericProperty ( string date ) ) ( string >= ) ( call SW.ensureNumericEntity ( call SW.concat ( date 2015 1 2 ) ( date 2015 1 3 ) ) ) ) )
none	( call SW.listValue ( call SW.filter ( call SW.filter ( call SW.getProperty ( call SW.singleton en.meeting ) ( string ! type ) ) ( string start_time ) ( string = ) ( time 10 0 ) ) ( string attendee ) ( string = ) en.person.alice ) )
none	( call SW.listValue ( call SW.filter ( call SW.filter ( call SW.getProperty ( call SW.singleton en.meeting ) ( string ! type ) ) ( string attendee ) ( string = ) en.person.alice ) ( string attendee ) ( string = ) en.person.alice ) )
none	( call SW.listValue ( call SW.filter ( call SW.getProperty ( call SW.singleton en.person ) ( string ! type ) ) ( call SW.reverse ( string attendee ) ) ( string = ) ( call SW.filter ( call SW.getProperty ( call SW.singleton en.meeting ) ( string ! type ) ) ( string is_important ) ) ) )
none	( call SW.listValue ( call SW.filter ( call SW.filter ( call SW.getProperty ( call SW.singleton en.meeting ) ( string ! type ) ) ( string end_time ) ( string = ) ( time 10 0 ) ) ( string end_time ) ( string = ) ( time 10 0 ) ) )
none	( call SW.listValue ( call SW.filter ( call SW.getProperty ( call SW.singleton en.location ) ( string ! type ) ) ( call SW.reverse ( string location ) ) ( string = ) ( call SW.filter ( call SW.getProperty ( call SW.singleton en.meeting ) ( string ! type ) ) ( string is_important ) ) ) )
none	( call SW.listValue ( call SW.filter ( call SW.getProperty ( call SW.singleton en.meeting ) ( string ! type ) ) ( call SW.ensureNumericProperty ( string date ) ) ( string >= ) ( call SW.ensureNumericEntity ( call SW.getProperty en.meeting.weekly_standup ( string date ) ) ) ) )
none	( call SW.listValue ( call SW.filter ( call SW.filter ( call SW.getProperty ( call SW.singleton en.meeting ) ( string ! type ) ) ( string attendee ) ( string = ) en.person.alice ) ( string date ) ( string = ) ( date 2015 1 2 ) ) )
none	( call SW.listValue ( call SW.filter ( call SW.filter ( call SW.getProperty ( call SW.singleton en.meeting ) ( string ! type ) ) ( string start_time ) ( string = ) ( time 10 0 ) ) ( string start_time ) ( string = ) ( time 10 0 ) ) )
none	( call SW.listValue ( call SW.filter ( call SW.filter ( call SW.getProperty ( call SW.singleton en.meeting ) ( string ! type ) ) ( string attendee ) ( string = ) en.person.alice ) ( string start_time ) ( string = ) ( time 10 0 ) ) )
none	( call SW.listValue ( call SW.filter ( call SW.getProperty ( call SW.singleton en.meeting ) ( string ! type ) ) ( call SW.ensureNumericProperty ( string length ) ) ( string < ) ( call SW.ensureNumericEntity ( number 3 en.hour ) ) ) )
none	( call SW.listValue ( call SW.countComparative ( call SW.getProperty ( call SW.singleton en.person ) ( string ! type ) ) ( call SW.reverse ( string attendee ) ) ( string > ) ( number 2 ) ( call SW.getProperty ( call SW.singleton en.meeting ) ( string ! type ) ) ) )
none	( call SW.listValue ( call SW.filter ( call SW.getProperty ( call SW.singleton en.meeting ) ( string ! type ) ) ( call SW.ensureNumericProperty ( string date ) ) ( string <= ) ( call SW.ensureNumericEntity ( call SW.getProperty en.meeting.weekly_standup ( string date ) ) ) ) )
none	( call SW.listValue ( call SW.filter ( call SW.getProperty ( call SW.singleton en.meeting ) ( string ! type ) ) ( call SW.ensureNumericProperty ( string date ) ) ( string > ) ( call SW.ensureNumericEntity ( call SW.getProperty en.meeting.weekly_standup ( string date ) ) ) ) )
none	( call SW.listValue ( call SW.filter ( call SW.filter ( call SW.getProperty ( call SW.singleton en.meeting ) ( string ! type ) ) ( string location ) ( string = ) en.location.greenberg_cafe ) ( string is_important ) ) )
none	( call SW.listValue ( call SW.filter ( call SW.getProperty ( call SW.singleton en.meeting ) ( string ! type ) ) ( call SW.ensureNumericProperty ( string date ) ) ( string <= ) ( call SW.ensureNumericEntity ( call SW.concat ( date 2015 1 2 ) ( date 2015 1 3 ) ) ) ) )
none	( call SW.listValue ( call SW.filter ( call SW.filter ( call SW.getProperty ( call SW.singleton en.meeting ) ( string ! type ) ) ( string date ) ( string = ) ( date 2015 1 2 ) ) ( string date ) ( string = ) ( date 2015 1 2 ) ) )
none	( call SW.listValue ( call SW.countSuperlative ( call SW.getProperty ( call SW.singleton en.location ) ( string ! type ) ) ( string max ) ( call SW.reverse ( string location ) ) ( call SW.getProperty ( call SW.singleton en.meeting ) ( string ! type ) ) ) )
none	( call SW.listValue ( call SW.countComparative ( call SW.getProperty ( call SW.singleton en.person ) ( string ! type ) ) ( call SW.reverse ( string attendee ) ) ( string >= ) ( number 2 ) ( call SW.getProperty ( call SW.singleton en.meeting ) ( string ! type ) ) ) )
none	( call SW.listValue ( call SW.filter ( call SW.filter ( call SW.getProperty ( call SW.singleton en.meeting ) ( string ! type ) ) ( string date ) ( string = ) ( date 2015 1 2 ) ) ( string attendee ) ( string = ) en.person.alice ) )
none	( call SW.listValue ( call SW.filter ( call SW.filter ( call SW.getProperty ( call SW.singleton en.meeting ) ( string ! type ) ) ( string attendee ) ( string = ) en.person.alice ) ( string is_important ) ) )
none	( call SW.listValue ( call SW.countComparative ( call SW.getProperty ( call SW.singleton en.location ) ( string ! type ) ) ( call SW.reverse ( string location ) ) ( string < ) ( number 2 ) ( call SW.getProperty ( call SW.singleton en.meeting ) ( string ! type ) ) ) )
none	( call SW.listValue ( call SW.filter ( call SW.getProperty ( call SW.singleton en.location ) ( string ! type ) ) ( call SW.reverse ( string location ) ) ( string = ) en.meeting.weekly_standup ) )
none	( call SW.listValue ( call SW.filter ( call SW.filter ( call SW.getProperty ( call SW.singleton en.meeting ) ( string ! type ) ) ( string length ) ( string = ) ( number 3 en.hour ) ) ( string is_important ) ) )
none	( call SW.listValue ( call SW.countSuperlative ( call SW.getProperty ( call SW.singleton en.person ) ( string ! type ) ) ( string min ) ( call SW.reverse ( string attendee ) ) ( call SW.getProperty ( call SW.singleton en.meeting ) ( string ! type ) ) ) )
none	( call SW.listValue ( call SW.filter ( call SW.getProperty ( call SW.singleton en.meeting ) ( string ! type ) ) ( call SW.ensureNumericProperty ( string length ) ) ( string <= ) ( call SW.ensureNumericEntity ( number 3 en.hour ) ) ) )
none	( call SW.listValue ( call SW.filter ( call SW.getProperty ( call SW.singleton en.meeting ) ( string ! type ) ) ( call SW.ensureNumericProperty ( string end_time ) ) ( string < ) ( call SW.ensureNumericEntity ( time 10 0 ) ) ) )
none	( call SW.listValue ( call SW.filter ( call SW.getProperty ( call SW.singleton en.meeting ) ( string ! type ) ) ( call SW.ensureNumericProperty ( string length ) ) ( string > ) ( call SW.ensureNumericEntity ( number 3 en.hour ) ) ) )
none	( call SW.listValue ( call SW.filter ( call SW.getProperty ( call SW.singleton en.meeting ) ( string ! type ) ) ( call SW.ensureNumericProperty ( string length ) ) ( string >= ) ( call SW.ensureNumericEntity ( number 3 en.hour ) ) ) )
none	( call SW.listValue ( call SW.filter ( call SW.filter ( call SW.getProperty ( call SW.singleton en.meeting ) ( string ! type ) ) ( string is_important ) ) ( string start_time ) ( string = ) ( time 10 0 ) ) )
none	( call SW.listValue ( call SW.filter ( call SW.getProperty ( call SW.singleton en.meeting ) ( string ! type ) ) ( string location ) ( string = ) ( call SW.getProperty en.meeting.weekly_standup ( string location ) ) ) )
none	( call SW.listValue ( call SW.countComparative ( call SW.getProperty ( call SW.singleton en.location ) ( string ! type ) ) ( call SW.reverse ( string location ) ) ( string = ) ( number 2 ) ( call SW.getProperty ( call SW.singleton en.meeting ) ( string ! type ) ) ) )
none	( call SW.listValue ( call SW.countComparative ( call SW.getProperty ( call SW.singleton en.location ) ( string ! type ) ) ( call SW.reverse ( string location ) ) ( string <= ) ( number 2 ) ( call SW.getProperty ( call SW.singleton en.meeting ) ( string ! type ) ) ) )
none	( call SW.listValue ( call SW.superlative ( call SW.getProperty ( call SW.singleton en.meeting ) ( string ! type ) ) ( string max ) ( call SW.ensureNumericProperty ( string start_time ) ) ) )
none	( call SW.listValue ( call SW.filter ( call SW.filter ( call SW.getProperty ( call SW.singleton en.meeting ) ( string ! type ) ) ( string end_time ) ( string = ) ( time 10 0 ) ) ( string is_important ) ) )
none	( call SW.listValue ( call SW.filter ( call SW.getProperty ( call SW.singleton en.person ) ( string ! type ) ) ( call SW.reverse ( string attendee ) ) ( string ! = ) en.meeting.weekly_standup ) )
none	( call SW.listValue ( call SW.filter ( call SW.getProperty ( call SW.singleton en.meeting ) ( string ! type ) ) ( call SW.ensureNumericProperty ( string date ) ) ( string < ) ( call SW.ensureNumericEntity ( date 2015 1 2 ) ) ) )
none	( call SW.listValue ( call SW.filter ( call SW.filter ( call SW.getProperty ( call SW.singleton en.meeting ) ( string ! type ) ) ( string is_important ) ) ( string attendee ) ( string = ) en.person.alice ) )
none	( call SW.listValue ( call SW.filter ( call SW.getProperty ( call SW.singleton en.meeting ) ( string ! type ) ) ( string end_time ) ( string = ) ( call SW.concat ( time 10 0 ) ( time 15 0 ) ) ) )
none	( call SW.listValue ( call SW.filter ( call SW.filter ( call SW.getProperty ( call SW.singleton en.meeting ) ( string ! type ) ) ( string date ) ( string = ) ( date 2015 1 2 ) ) ( string start_time ) ( string = ) ( time 10 0 ) ) )
none	( call SW.listValue ( call SW.filter ( call SW.getProperty ( call SW.singleton en.location ) ( string ! type ) ) ( call SW.reverse ( string location ) ) ( string ! = ) en.meeting.weekly_standup ) )
none	( call SW.listValue ( call SW.filter ( call SW.getProperty ( call SW.singleton en.meeting ) ( string ! type ) ) ( string length ) ( string = ) ( call SW.concat ( number 3 en.hour ) ( number 1 en.hour ) ) ) )
none	( call SW.listValue ( call SW.filter ( call SW.filter ( call SW.getProperty ( call SW.singleton en.meeting ) ( string ! type ) ) ( string date ) ( string = ) ( date 2015 1 2 ) ) ( string is_important ) ) )
none	( call SW.listValue ( call SW.filter ( call SW.getProperty ( call SW.singleton en.meeting ) ( string ! type ) ) ( string length ) ( string ! = ) ( number 3 en.hour ) ) )
none	( call SW.listValue ( call SW.filter ( call SW.getProperty ( call SW.singleton en.meeting ) ( string ! type ) ) ( string date ) ( string = ) ( call SW.getProperty en.meeting.weekly_standup ( string date ) ) ) )
none	( call SW.listValue ( call SW.filter ( call SW.filter ( call SW.getProperty ( call SW.singleton en.meeting ) ( string ! type ) ) ( string start_time ) ( string = ) ( time 10 0 ) ) ( string is_important ) ) )
none	( call SW.listValue ( call SW.filter ( call SW.getProperty ( call SW.singleton en.meeting ) ( string ! type ) ) ( string attendee ) ( string = ) ( call SW.concat en.person.alice en.person.bob ) ) )
none	( call SW.listValue ( call SW.countComparative ( call SW.getProperty ( call SW.singleton en.meeting ) ( string ! type ) ) ( string location ) ( string < ) ( number 2 ) ) )
none	( call SW.listValue ( call SW.filter ( call SW.filter ( call SW.getProperty ( call SW.singleton en.meeting ) ( string ! type ) ) ( string is_important ) ) ( string end_time ) ( string = ) ( time 10 0 ) ) )
none	( call SW.listValue ( call SW.filter ( call SW.filter ( call SW.getProperty ( call SW.singleton en.meeting ) ( string ! type ) ) ( string date ) ( string = ) ( date 2015 1 2 ) ) ( string end_time ) ( string = ) ( time 10 0 ) ) )
none	( call SW.listValue ( call SW.filter ( call SW.getProperty ( call SW.singleton en.meeting ) ( string ! type ) ) ( call SW.ensureNumericProperty ( string start_time ) ) ( string < ) ( call SW.ensureNumericEntity ( time 10 0 ) ) ) )
none	( call SW.listValue ( call SW.filter ( call SW.getProperty ( call SW.singleton en.meeting ) ( string ! type ) ) ( call SW.ensureNumericProperty ( string start_time ) ) ( string <= ) ( call SW.ensureNumericEntity ( time 10 0 ) ) ) )
none	( call SW.listValue ( call SW.filter ( call SW.getProperty ( call SW.singleton en.meeting ) ( string ! type ) ) ( call SW.ensureNumericProperty ( string end_time ) ) ( string >= ) ( call SW.ensureNumericEntity ( time 10 0 ) ) ) )
none	( call SW.listValue ( call SW.filter ( call SW.getProperty ( call SW.singleton en.meeting ) ( string ! type ) ) ( call SW.ensureNumericProperty ( string end_time ) ) ( string > ) ( call SW.ensureNumericEntity ( time 10 0 ) ) ) )
none	( call SW.listValue ( call SW.countComparative ( call SW.getProperty ( call SW.singleton en.meeting ) ( string ! type ) ) ( string attendee ) ( string < ) ( number 2 ) ) )
none	( call SW.listValue ( call SW.filter ( call SW.getProperty ( call SW.singleton en.meeting ) ( string ! type ) ) ( call SW.ensureNumericProperty ( string start_time ) ) ( string >= ) ( call SW.ensureNumericEntity ( time 10 0 ) ) ) )
none	( call SW.listValue ( call SW.countSuperlative ( call SW.getProperty ( call SW.singleton en.meeting ) ( string ! type ) ) ( string min ) ( string attendee ) ) )
none	( call SW.listValue ( call SW.filter ( call SW.getProperty ( call SW.singleton en.meeting ) ( string ! type ) ) ( string length ) ( string = ) ( number 3 en.hour ) ) )
none	( call SW.listValue ( call SW.filter ( call SW.filter ( call SW.getProperty ( call SW.singleton en.meeting ) ( string ! type ) ) ( string is_important ) ) ( string date ) ( string = ) ( date 2015 1 2 ) ) )
none	( call SW.listValue ( call SW.filter ( call SW.getProperty ( call SW.singleton en.meeting ) ( string ! type ) ) ( string date ) ( string = ) ( call SW.concat ( date 2015 1 2 ) ( date 2015 1 3 ) ) ) )
none	( call SW.listValue ( call SW.filter ( call SW.getProperty ( call SW.singleton en.meeting ) ( string ! type ) ) ( call SW.ensureNumericProperty ( string end_time ) ) ( string <= ) ( call SW.ensureNumericEntity ( time 10 0 ) ) ) )
none	( call SW.listValue ( call SW.countSuperlative ( call SW.getProperty ( call SW.singleton en.meeting ) ( string ! type ) ) ( string max ) ( string attendee ) ) )
none	( call SW.listValue ( call SW.countComparative ( call SW.getProperty ( call SW.singleton en.meeting ) ( string ! type ) ) ( string attendee ) ( string > ) ( number 2 ) ) )
none	( call SW.listValue ( call SW.filter ( call SW.getProperty ( call SW.singleton en.meeting ) ( string ! type ) ) ( call SW.ensureNumericProperty ( string date ) ) ( string >= ) ( call SW.ensureNumericEntity ( date 2015 1 2 ) ) ) )
none	( call SW.listValue ( call SW.filter ( call SW.getProperty ( call SW.singleton en.meeting ) ( string ! type ) ) ( string location ) ( string ! = ) en.location.greenberg_cafe ) )
none	( call SW.listValue ( call SW.filter ( call SW.getProperty ( call SW.singleton en.meeting ) ( string ! type ) ) ( call SW.ensureNumericProperty ( string date ) ) ( string > ) ( call SW.ensureNumericEntity ( date 2015 1 2 ) ) ) )
none	( call SW.listValue ( call SW.countSuperlative ( call SW.getProperty ( call SW.singleton en.meeting ) ( string ! type ) ) ( string min ) ( string location ) ) )
none	( call SW.listValue ( call SW.superlative ( call SW.getProperty ( call SW.singleton en.meeting ) ( string ! type ) ) ( string max ) ( call SW.ensureNumericProperty ( string length ) ) ) )
none	( call SW.listValue ( call SW.filter ( call SW.getProperty ( call SW.singleton en.meeting ) ( string ! type ) ) ( string start_time ) ( string ! = ) ( time 10 0 ) ) )
none	( call SW.listValue ( call SW.countComparative ( call SW.getProperty ( call SW.singleton en.meeting ) ( string ! type ) ) ( string attendee ) ( string = ) ( number 2 ) ) )
none	( call SW.listValue ( call SW.filter ( call SW.getProperty ( call SW.singleton en.meeting ) ( string ! type ) ) ( call SW.ensureNumericProperty ( string date ) ) ( string <= ) ( call SW.ensureNumericEntity ( date 2015 1 2 ) ) ) )
none	( call SW.listValue ( call SW.countComparative ( call SW.getProperty ( call SW.singleton en.meeting ) ( string ! type ) ) ( string location ) ( string > ) ( number 2 ) ) )
none	( call SW.listValue ( call SW.filter ( call SW.getProperty ( call SW.singleton en.meeting ) ( string ! type ) ) ( string location ) ( string = ) en.location.greenberg_cafe ) )
none	( call SW.listValue ( call SW.filter ( call SW.getProperty ( call SW.singleton en.meeting ) ( string ! type ) ) ( string end_time ) ( string ! = ) ( time 10 0 ) ) )
none	( call SW.listValue ( call SW.countComparative ( call SW.getProperty ( call SW.singleton en.meeting ) ( string ! type ) ) ( string attendee ) ( string >= ) ( number 2 ) ) )
none	( call SW.listValue ( call SW.countComparative ( call SW.getProperty ( call SW.singleton en.person ) ( string ! type ) ) ( call SW.reverse ( string attendee ) ) ( string <= ) ( number 2 ) ( call SW.getProperty ( call SW.singleton en.meeting ) ( string ! type ) ) ) )
none	( call SW.listValue ( call SW.countComparative ( call SW.getProperty ( call SW.singleton en.meeting ) ( string ! type ) ) ( string location ) ( string >= ) ( number 2 ) ) )
none	( call SW.listValue ( call SW.filter ( call SW.getProperty ( call SW.singleton en.person ) ( string ! type ) ) ( call SW.reverse ( string attendee ) ) ( string = ) en.meeting.weekly_standup ) )
none	( call SW.listValue ( call SW.getProperty en.meeting.weekly_standup ( string start_time ) ) )
none	( call SW.listValue ( call SW.countComparative ( call SW.getProperty ( call SW.singleton en.person ) ( string ! type ) ) ( call SW.reverse ( string attendee ) ) ( string = ) ( number 2 ) ( call SW.getProperty ( call SW.singleton en.meeting ) ( string ! type ) ) ) )
none	( call SW.listValue ( call SW.superlative ( call SW.getProperty ( call SW.singleton en.meeting ) ( string ! type ) ) ( string max ) ( call SW.ensureNumericProperty ( string end_time ) ) ) )
none	( call SW.listValue ( call SW.countComparative ( call SW.getProperty ( call SW.singleton en.meeting ) ( string ! type ) ) ( string location ) ( string <= ) ( number 2 ) ) )
none	( call SW.listValue ( call SW.filter ( call SW.filter ( call SW.getProperty ( call SW.singleton en.meeting ) ( string ! type ) ) ( string is_important ) ) ( string is_important ) ) )
none	( call SW.listValue ( call SW.countSuperlative ( call SW.getProperty ( call SW.singleton en.meeting ) ( string ! type ) ) ( string max ) ( string location ) ) )
none	( call SW.listValue ( call SW.aggregate ( string sum ) ( call SW.getProperty ( call SW.getProperty ( call SW.singleton en.meeting ) ( string ! type ) ) ( string length ) ) ) )
none	( call SW.listValue ( call SW.countComparative ( call SW.getProperty ( call SW.singleton en.meeting ) ( string ! type ) ) ( string location ) ( string = ) ( number 2 ) ) )
none	( call SW.listValue ( call SW.superlative ( call SW.getProperty ( call SW.singleton en.meeting ) ( string ! type ) ) ( string min ) ( call SW.ensureNumericProperty ( string start_time ) ) ) )
none	( call SW.listValue ( call SW.countComparative ( call SW.getProperty ( call SW.singleton en.meeting ) ( string ! type ) ) ( string attendee ) ( string <= ) ( number 2 ) ) )
none	( call SW.listValue ( call SW.filter ( call SW.getProperty ( call SW.singleton en.meeting ) ( string ! type ) ) ( call SW.ensureNumericProperty ( string start_time ) ) ( string > ) ( call SW.ensureNumericEntity ( time 10 0 ) ) ) )
none	( call SW.listValue ( call SW.filter ( call SW.getProperty ( call SW.singleton en.meeting ) ( string ! type ) ) ( string attendee ) ( string = ) en.person.alice ) )
none	( call SW.listValue ( call SW.superlative ( call SW.getProperty ( call SW.singleton en.meeting ) ( string ! type ) ) ( string min ) ( call SW.ensureNumericProperty ( string end_time ) ) ) )
none	( call SW.listValue ( call SW.concat en.location.greenberg_cafe en.location.central_office ) )
none	( call SW.listValue ( call SW.filter ( call SW.getProperty ( call SW.singleton en.meeting ) ( string ! type ) ) ( string attendee ) ( string ! = ) en.person.alice ) )
none	( call SW.listValue ( call SW.filter ( call SW.getProperty ( call SW.singleton en.meeting ) ( string ! type ) ) ( string start_time ) ( string = ) ( time 10 0 ) ) )
none	( call SW.listValue ( call SW.filter ( call SW.getProperty ( call SW.singleton en.meeting ) ( string ! type ) ) ( string date ) ( string ! = ) ( date 2015 1 2 ) ) )
none	( call SW.listValue ( call SW.filter ( call SW.getProperty ( call SW.singleton en.meeting ) ( string ! type ) ) ( string end_time ) ( string = ) ( time 10 0 ) ) )
none	( call SW.listValue ( call SW.getProperty en.meeting.weekly_standup ( string attendee ) ) )
none	( call SW.listValue ( call SW.superlative ( call SW.getProperty ( call SW.singleton en.meeting ) ( string ! type ) ) ( string max ) ( call SW.ensureNumericProperty ( string date ) ) ) )
none	( call SW.listValue ( call SW.concat en.meeting.weekly_standup en.meeting.annual_review ) )
none	( call SW.listValue ( call SW.superlative ( call SW.getProperty ( call SW.singleton en.meeting ) ( string ! type ) ) ( string min ) ( call SW.ensureNumericProperty ( string date ) ) ) )
none	( call SW.listValue ( call SW.aggregate ( string avg ) ( call SW.getProperty ( call SW.getProperty ( call SW.singleton en.meeting ) ( string ! type ) ) ( string length ) ) ) )
none	( call SW.listValue ( call SW.getProperty en.meeting.weekly_standup ( string end_time ) ) )
none	( call SW.listValue ( call SW.superlative ( call SW.getProperty ( call SW.singleton en.meeting ) ( string ! type ) ) ( string min ) ( call SW.ensureNumericProperty ( string length ) ) ) )
none	( call SW.listValue ( call SW.filter ( call SW.getProperty ( call SW.singleton en.meeting ) ( string ! type ) ) ( string date ) ( string = ) ( date 2015 1 2 ) ) )
none	( call SW.listValue ( call SW.filter ( call SW.getProperty ( call SW.singleton en.meeting ) ( string ! type ) ) ( string is_important ) ) )
none	( call SW.listValue ( call .size ( call SW.getProperty ( call SW.singleton en.meeting ) ( string ! type ) ) ) )
none	( call SW.listValue ( call SW.getProperty en.meeting.weekly_standup ( string length ) ) )
none	( call SW.listValue ( call SW.concat ( number 3 en.hour ) ( number 1 en.hour ) ) )
none	( call SW.listValue ( call SW.getProperty en.meeting.weekly_standup ( string location ) ) )
none	( call SW.listValue ( call .size ( call SW.getProperty ( call SW.singleton en.location ) ( string ! type ) ) ) )
none	( call SW.listValue ( call .size ( call SW.getProperty ( call SW.singleton en.person ) ( string ! type ) ) ) )
none	( call SW.listValue ( call SW.concat ( date 2015 1 2 ) ( date 2015 1 3 ) ) )
none	( call SW.listValue ( call SW.concat ( time 10 0 ) ( time 15 0 ) ) )
none	( call SW.listValue ( call SW.getProperty en.meeting.weekly_standup ( string date ) ) )
none	( call SW.listValue ( call SW.concat en.person.alice en.person.bob ) )
none	( call SW.listValue ( call SW.concat ( date 2015 1 3 ) ( date 2015 1 2 ) ) )
none	( call SW.listValue ( call SW.concat en.location.central_office en.location.greenberg_cafe ) )
none	( call SW.listValue ( call SW.concat en.meeting.annual_review en.meeting.weekly_standup ) )
none	( call SW.listValue ( call SW.concat en.person.bob en.person.alice ) )
none	( call SW.listValue ( call SW.concat ( number 1 en.hour ) ( number 3 en.hour ) ) )
none	( call SW.listValue ( call SW.concat ( time 15 0 ) ( time 10 0 ) ) )
none	( call SW.listValue ( call SW.filter ( call SW.filter ( call SW.getProperty ( call SW.singleton en.location ) ( string ! type ) ) ( call SW.reverse ( string location ) ) ( string = ) en.meeting.annual_review ) ( call SW.reverse ( string location ) ) ( string = ) en.meeting.annual_review ) )
none	( call SW.listValue ( call SW.filter ( call SW.filter ( call SW.getProperty ( call SW.singleton en.meeting ) ( string ! type ) ) ( string attendee ) ( string = ) en.person.bob ) ( string attendee ) ( string = ) en.person.bob ) )
none	( call SW.listValue ( call SW.filter ( call SW.filter ( call SW.getProperty ( call SW.singleton en.meeting ) ( string ! type ) ) ( string attendee ) ( string = ) en.person.bob ) ( string date ) ( string = ) ( date 2015 1 3 ) ) )
none	( call SW.listValue ( call SW.filter ( call SW.filter ( call SW.getProperty ( call SW.singleton en.meeting ) ( string ! type ) ) ( string attendee ) ( string = ) en.person.bob ) ( string end_time ) ( string = ) ( time 15 0 ) ) )
none	( call SW.listValue ( call SW.filter ( call SW.filter ( call SW.getProperty ( call SW.singleton en.meeting ) ( string ! type ) ) ( string attendee ) ( string = ) en.person.bob ) ( string is_important ) ) )
none	( call SW.listValue ( call SW.filter ( call SW.filter ( call SW.getProperty ( call SW.singleton en.meeting ) ( string ! type ) ) ( string attendee ) ( string = ) en.person.bob ) ( string length ) ( string = ) ( number 1 en.hour ) ) )
none	( call SW.listValue ( call SW.filter ( call SW.filter ( call SW.getProperty ( call SW.singleton en.meeting ) ( string ! type ) ) ( string attendee ) ( string = ) en.person.bob ) ( string location ) ( string = ) en.location.central_office ) )
none	( call SW.listValue ( call SW.filter ( call SW.filter ( call SW.getProperty ( call SW.singleton en.meeting ) ( string ! type ) ) ( string attendee ) ( string = ) en.person.bob ) ( string start_time ) ( string = ) ( time 15 0 ) ) )
none	( call SW.listValue ( call SW.filter ( call SW.filter ( call SW.getProperty ( call SW.singleton en.meeting ) ( string ! type ) ) ( string date ) ( string = ) ( date 2015 1 3 ) ) ( string attendee ) ( string = ) en.person.bob ) )
none	( call SW.listValue ( call SW.filter ( call SW.filter ( call SW.getProperty ( call SW.singleton en.meeting ) ( string ! type ) ) ( string date ) ( string = ) ( date 2015 1 3 ) ) ( string date ) ( string = ) ( date 2015 1 3 ) ) )
none	( call SW.listValue ( call SW.filter ( call SW.filter ( call SW.getProperty ( call SW.singleton en.meeting ) ( string ! type ) ) ( string date ) ( string = ) ( date 2015 1 3 ) ) ( string end_time ) ( string = ) ( time 15 0 ) ) )
none	( call SW.listValue ( call SW.filter ( call SW.filter ( call SW.getProperty ( call SW.singleton en.meeting ) ( string ! type ) ) ( string date ) ( string = ) ( date 2015 1 3 ) ) ( string is_important ) ) )
none	( call SW.listValue ( call SW.filter ( call SW.filter ( call SW.getProperty ( call SW.singleton en.meeting ) ( string ! type ) ) ( string date ) ( string = ) ( date 2015 1 3 ) ) ( string length ) ( string = ) ( number 1 en.hour ) ) )
none	( call SW.listValue ( call SW.filter ( call SW.filter ( call SW.getProperty ( call SW.singleton en.meeting ) ( string ! type ) ) ( string date ) ( string = ) ( date 2015 1 3 ) ) ( string location ) ( string = ) en.location.central_office ) )
none	( call SW.listValue ( call SW.filter ( call SW.filter ( call SW.getProperty ( call SW.singleton en.meeting ) ( string ! type ) ) ( string date ) ( string = ) ( date 2015 1 3 ) ) ( string start_time ) ( string = ) ( time 15 0 ) ) )
none	( call SW.listValue ( call SW.filter ( call SW.filter ( call SW.getProperty ( call SW.singleton en.meeting ) ( string ! type ) ) ( string end_time ) ( string = ) ( time 15 0 ) ) ( string attendee ) ( string = ) en.person.bob ) )
none	( call SW.listValue ( call SW.filter ( call SW.filter ( call SW.getProperty ( call SW.singleton en.meeting ) ( string ! type ) ) ( string end_time ) ( string = ) ( time 15 0 ) ) ( string date ) ( string = ) ( date 2015 1 3 ) ) )
none	( call SW.listValue ( call SW.filter ( call SW.filter ( call SW.getProperty ( call SW.singleton en.meeting ) ( string ! type ) ) ( string end_time ) ( string = ) ( time 15 0 ) ) ( string end_time ) ( string = ) ( time 15 0 ) ) )
none	( call SW.listValue ( call SW.filter ( call SW.filter ( call SW.getProperty ( call SW.singleton en.meeting ) ( string ! type ) ) ( string end_time ) ( string = ) ( time 15 0 ) ) ( string is_important ) ) )
none	( call SW.listValue ( call SW.filter ( call SW.filter ( call SW.getProperty ( call SW.singleton en.meeting ) ( string ! type ) ) ( string end_time ) ( string = ) ( time 15 0 ) ) ( string length ) ( string = ) ( number 1 en.hour ) ) )
none	( call SW.listValue ( call SW.filter ( call SW.filter ( call SW.getProperty ( call SW.singleton en.meeting ) ( string ! type ) ) ( string end_time ) ( string = ) ( time 15 0 ) ) ( string location ) ( string = ) en.location.central_office ) )
none	( call SW.listValue ( call SW.filter ( call SW.filter ( call SW.getProperty ( call SW.singleton en.meeting ) ( string ! type ) ) ( string end_time ) ( string = ) ( time 15 0 ) ) ( string start_time ) ( string = ) ( time 15 0 ) ) )
none	( call SW.listValue ( call SW.filter ( call SW.filter ( call SW.getProperty ( call SW.singleton en.meeting ) ( string ! type ) ) ( string is_important ) ) ( string attendee ) ( string = ) en.person.bob ) )
none	( call SW.listValue ( call SW.filter ( call SW.filter ( call SW.getProperty ( call SW.singleton en.meeting ) ( string ! type ) ) ( string is_important ) ) ( string date ) ( string = ) ( date 2015 1 3 ) ) )
none	( call SW.listValue ( call SW.filter ( call SW.filter ( call SW.getProperty ( call SW.singleton en.meeting ) ( string ! type ) ) ( string is_important ) ) ( string end_time ) ( string = ) ( time 15 0 ) ) )
none	( call SW.listValue ( call SW.filter ( call SW.filter ( call SW.getProperty ( call SW.singleton en.meeting ) ( string ! type ) ) ( string is_important ) ) ( string length ) ( string = ) ( number 1 en.hour ) ) )
none	( call SW.listValue ( call SW.filter ( call SW.filter ( call SW.getProperty ( call SW.singleton en.meeting ) ( string ! type ) ) ( string is_important ) ) ( string location ) ( string = ) en.location.central_office ) )
none	( call SW.listValue ( call SW.filter ( call SW.filter ( call SW.getProperty ( call SW.singleton en.meeting ) ( string ! type ) ) ( string is_important ) ) ( string start_time ) ( string = ) ( time 15 0 ) ) )
none	( call SW.listValue ( call SW.filter ( call SW.filter ( call SW.getProperty ( call SW.singleton en.meeting ) ( string ! type ) ) ( string length ) ( string = ) ( number 1 en.hour ) ) ( string attendee ) ( string = ) en.person.bob ) )
none	( call SW.listValue ( call SW.filter ( call SW.filter ( call SW.getProperty ( call SW.singleton en.meeting ) ( string ! type ) ) ( string length ) ( string = ) ( number 1 en.hour ) ) ( string date ) ( string = ) ( date 2015 1 3 ) ) )
none	( call SW.listValue ( call SW.filter ( call SW.filter ( call SW.getProperty ( call SW.singleton en.meeting ) ( string ! type ) ) ( string length ) ( string = ) ( number 1 en.hour ) ) ( string end_time ) ( string = ) ( time 15 0 ) ) )
none	( call SW.listValue ( call SW.filter ( call SW.filter ( call SW.getProperty ( call SW.singleton en.meeting ) ( string ! type ) ) ( string length ) ( string = ) ( number 1 en.hour ) ) ( string is_important ) ) )
none	( call SW.listValue ( call SW.filter ( call SW.filter ( call SW.getProperty ( call SW.singleton en.meeting ) ( string ! type ) ) ( string length ) ( string = ) ( number 1 en.hour ) ) ( string length ) ( string = ) ( number 1 en.hour ) ) )
none	( call SW.listValue ( call SW.filter ( call SW.filter ( call SW.getProperty ( call SW.singleton en.meeting ) ( string ! type ) ) ( string length ) ( string = ) ( number 1 en.hour ) ) ( string location ) ( string = ) en.location.central_office ) )
none	( call SW.listValue ( call SW.filter ( call SW.filter ( call SW.getProperty ( call SW.singleton en.meeting ) ( string ! type ) ) ( string length ) ( string = ) ( number 1 en.hour ) ) ( string start_time ) ( string = ) ( time 15 0 ) ) )
none	( call SW.listValue ( call SW.filter ( call SW.filter ( call SW.getProperty ( call SW.singleton en.meeting ) ( string ! type ) ) ( string location ) ( string = ) en.location.central_office ) ( string attendee ) ( string = ) en.person.bob ) )
none	( call SW.listValue ( call SW.filter ( call SW.filter ( call SW.getProperty ( call SW.singleton en.meeting ) ( string ! type ) ) ( string location ) ( string = ) en.location.central_office ) ( string date ) ( string = ) ( date 2015 1 3 ) ) )
none	( call SW.listValue ( call SW.filter ( call SW.filter ( call SW.getProperty ( call SW.singleton en.meeting ) ( string ! type ) ) ( string location ) ( string = ) en.location.central_office ) ( string end_time ) ( string = ) ( time 15 0 ) ) )
none	( call SW.listValue ( call SW.filter ( call SW.filter ( call SW.getProperty ( call SW.singleton en.meeting ) ( string ! type ) ) ( string location ) ( string = ) en.location.central_office ) ( string is_important ) ) )
none	( call SW.listValue ( call SW.filter ( call SW.filter ( call SW.getProperty ( call SW.singleton en.meeting ) ( string ! type ) ) ( string location ) ( string = ) en.location.central_office ) ( string length ) ( string = ) ( number 1 en.hour ) ) )
none	( call SW.listValue ( call SW.filter ( call SW.filter ( call SW.getProperty ( call SW.singleton en.meeting ) ( string ! type ) ) ( string location ) ( string = ) en.location.central_office ) ( string location ) ( string = ) en.location.central_office ) )
none	( call SW.listValue ( call SW.filter ( call SW.filter ( call SW.getProperty ( call SW.singleton en.meeting ) ( string ! type ) ) ( string location ) ( string = ) en.location.central_office ) ( string start_time ) ( string = ) ( time 15 0 ) ) )
none	( call SW.listValue ( call SW.filter ( call SW.filter ( call SW.getProperty ( call SW.singleton en.meeting ) ( string ! type ) ) ( string start_time ) ( string = ) ( time 15 0 ) ) ( string attendee ) ( string = ) en.person.bob ) )
none	( call SW.listValue ( call SW.filter ( call SW.filter ( call SW.getProperty ( call SW.singleton en.meeting ) ( string ! type ) ) ( string start_time ) ( string = ) ( time 15 0 ) ) ( string date ) ( string = ) ( date 2015 1 3 ) ) )
none	( call SW.listValue ( call SW.filter ( call SW.filter ( call SW.getProperty ( call SW.singleton en.meeting ) ( string ! type ) ) ( string start_time ) ( string = ) ( time 15 0 ) ) ( string end_time ) ( string = ) ( time 15 0 ) ) )
none	( call SW.listValue ( call SW.filter ( call SW.filter ( call SW.getProperty ( call SW.singleton en.meeting ) ( string ! type ) ) ( string start_time ) ( string = ) ( time 15 0 ) ) ( string is_important ) ) )
none	( call SW.listValue ( call SW.filter ( call SW.filter ( call SW.getProperty ( call SW.singleton en.meeting ) ( string ! type ) ) ( string start_time ) ( string = ) ( time 15 0 ) ) ( string length ) ( string = ) ( number 1 en.hour ) ) )
none	( call SW.listValue ( call SW.filter ( call SW.filter ( call SW.getProperty ( call SW.singleton en.meeting ) ( string ! type ) ) ( string start_time ) ( string = ) ( time 15 0 ) ) ( string location ) ( string = ) en.location.central_office ) )
none	( call SW.listValue ( call SW.filter ( call SW.filter ( call SW.getProperty ( call SW.singleton en.meeting ) ( string ! type ) ) ( string start_time ) ( string = ) ( time 15 0 ) ) ( string start_time ) ( string = ) ( time 15 0 ) ) )
none	( call SW.listValue ( call SW.filter ( call SW.filter ( call SW.getProperty ( call SW.singleton en.person ) ( string ! type ) ) ( call SW.reverse ( string attendee ) ) ( string = ) en.meeting.annual_review ) ( call SW.reverse ( string attendee ) ) ( string = ) en.meeting.annual_review ) )
none	( call SW.listValue ( call SW.filter ( call SW.getProperty ( call SW.singleton en.location ) ( string ! type ) ) ( call SW.reverse ( string location ) ) ( string = ) ( call SW.concat en.meeting.annual_review en.meeting.weekly_standup ) ) )
none	( call SW.listValue ( call SW.filter ( call SW.getProperty ( call SW.singleton en.location ) ( string ! type ) ) ( call SW.reverse ( string location ) ) ( string = ) ( call SW.filter ( call SW.getProperty ( call SW.singleton en.meeting ) ( string ! type ) ) ( string attendee ) ( string = ) en.person.bob ) ) )
none	( call SW.listValue ( call SW.filter ( call SW.getProperty ( call SW.singleton en.location ) ( string ! type ) ) ( call SW.reverse ( string location ) ) ( string = ) ( call SW.filter ( call SW.getProperty ( call SW.singleton en.meeting ) ( string ! type ) ) ( string date ) ( string = ) ( date 2015 1 3 ) ) ) )
none	( call SW.listValue ( call SW.filter ( call SW.getProperty ( call SW.singleton en.location ) ( string ! type ) ) ( call SW.reverse ( string location ) ) ( string = ) ( call SW.filter ( call SW.getProperty ( call SW.singleton en.meeting ) ( string ! type ) ) ( string end_time ) ( string = ) ( time 15 0 ) ) ) )
none	( call SW.listValue ( call SW.filter ( call SW.getProperty ( call SW.singleton en.location ) ( string ! type ) ) ( call SW.reverse ( string location ) ) ( string = ) ( call SW.filter ( call SW.getProperty ( call SW.singleton en.meeting ) ( string ! type ) ) ( string length ) ( string = ) ( number 1 en.hour ) ) ) )
none	( call SW.listValue ( call SW.filter ( call SW.getProperty ( call SW.singleton en.location ) ( string ! type ) ) ( call SW.reverse ( string location ) ) ( string = ) ( call SW.filter ( call SW.getProperty ( call SW.singleton en.meeting ) ( string ! type ) ) ( string location ) ( string = ) en.location.central_office ) ) )
none	( call SW.listValue ( call SW.filter ( call SW.getProperty ( call SW.singleton en.location ) ( string ! type ) ) ( call SW.reverse ( string location ) ) ( string = ) ( call SW.filter ( call SW.getProperty ( call SW.singleton en.meeting ) ( string ! type ) ) ( string start_time ) ( string = ) ( time 15 0 ) ) ) )
none	( call SW.listValue ( call SW.filter ( call SW.getProperty ( call SW.singleton en.location ) ( string ! type ) ) ( call SW.reverse ( string location ) ) ( string = ) en.meeting.annual_review ) )
none	( call SW.listValue ( call SW.filter ( call SW.getProperty ( call SW.singleton en.location ) ( string ! type ) ) ( call SW.reverse ( string location ) ) ( string ! = ) en.meeting.annual_review ) )
none	( call SW.listValue ( call SW.filter ( call SW.getProperty ( call SW.singleton en.meeting ) ( string ! type ) ) ( call SW.ensureNumericProperty ( string date ) ) ( string <= ) ( call SW.ensureNumericEntity ( call SW.concat ( date 2015 1 3 ) ( date 2015 1 2 ) ) ) ) )
none	( call SW.listValue ( call SW.filter ( call SW.getProperty ( call SW.singleton en.meeting ) ( string ! type ) ) ( call SW.ensureNumericProperty ( string date ) ) ( string < ) ( call SW.ensureNumericEntity ( call SW.concat ( date 2015 1 3 ) ( date 2015 1 2 ) ) ) ) )
none	( call SW.listValue ( call SW.filter ( call SW.getProperty ( call SW.singleton en.meeting ) ( string ! type ) ) ( call SW.ensureNumericProperty ( string date ) ) ( string >= ) ( call SW.ensureNumericEntity ( call SW.concat ( date 2015 1 3 ) ( date 2015 1 2 ) ) ) ) )
none	( call SW.listValue ( call SW.filter ( call SW.getProperty ( call SW.singleton en.meeting ) ( string ! type ) ) ( call SW.ensureNumericProperty ( string date ) ) ( string > ) ( call SW.ensureNumericEntity ( call SW.concat ( date 2015 1 3 ) ( date 2015 1 2 ) ) ) ) )
none	( call SW.listValue ( call SW.filter ( call SW.getProperty ( call SW.singleton en.meeting ) ( string ! type ) ) ( call SW.ensureNumericProperty ( string date ) ) ( string <= ) ( call SW.ensureNumericEntity ( call SW.getProperty en.meeting.annual_review ( string date ) ) ) ) )
none	( call SW.listValue ( call SW.filter ( call SW.getProperty ( call SW.singleton en.meeting ) ( string ! type ) ) ( call SW.ensureNumericProperty ( string date ) ) ( string < ) ( call SW.ensureNumericEntity ( call SW.getProperty en.meeting.annual_review ( string date ) ) ) ) )
none	( call SW.listValue ( call SW.filter ( call SW.getProperty ( call SW.singleton en.meeting ) ( string ! type ) ) ( call SW.ensureNumericProperty ( string date ) ) ( string >= ) ( call SW.ensureNumericEntity ( call SW.getProperty en.meeting.annual_review ( string date ) ) ) ) )
none	( call SW.listValue ( call SW.filter ( call SW.getProperty ( call SW.singleton en.meeting ) ( string ! type ) ) ( call SW.ensureNumericProperty ( string date ) ) ( string > ) ( call SW.ensureNumericEntity ( call SW.getProperty en.meeting.annual_review ( string date ) ) ) ) )
none	( call SW.listValue ( call SW.filter ( call SW.getProperty ( call SW.singleton en.meeting ) ( string ! type ) ) ( call SW.ensureNumericProperty ( string date ) ) ( string <= ) ( call SW.ensureNumericEntity ( date 2015 1 3 ) ) ) )
none	( call SW.listValue ( call SW.filter ( call SW.getProperty ( call SW.singleton en.meeting ) ( string ! type ) ) ( call SW.ensureNumericProperty ( string date ) ) ( string < ) ( call SW.ensureNumericEntity ( date 2015 1 3 ) ) ) )
none	( call SW.listValue ( call SW.filter ( call SW.getProperty ( call SW.singleton en.meeting ) ( string ! type ) ) ( call SW.ensureNumericProperty ( string date ) ) ( string >= ) ( call SW.ensureNumericEntity ( date 2015 1 3 ) ) ) )
none	( call SW.listValue ( call SW.filter ( call SW.getProperty ( call SW.singleton en.meeting ) ( string ! type ) ) ( call SW.ensureNumericProperty ( string date ) ) ( string > ) ( call SW.ensureNumericEntity ( date 2015 1 3 ) ) ) )
none	( call SW.listValue ( call SW.filter ( call SW.getProperty ( call SW.singleton en.meeting ) ( string ! type ) ) ( call SW.ensureNumericProperty ( string end_time ) ) ( string <= ) ( call SW.ensureNumericEntity ( call SW.concat ( time 15 0 ) ( time 10 0 ) ) ) ) )
none	( call SW.listValue ( call SW.filter ( call SW.getProperty ( call SW.singleton en.meeting ) ( string ! type ) ) ( call SW.ensureNumericProperty ( string end_time ) ) ( string < ) ( call SW.ensureNumericEntity ( call SW.concat ( time 15 0 ) ( time 10 0 ) ) ) ) )
none	( call SW.listValue ( call SW.filter ( call SW.getProperty ( call SW.singleton en.meeting ) ( string ! type ) ) ( call SW.ensureNumericProperty ( string end_time ) ) ( string >= ) ( call SW.ensureNumericEntity ( call SW.concat ( time 15 0 ) ( time 10 0 ) ) ) ) )
none	( call SW.listValue ( call SW.filter ( call SW.getProperty ( call SW.singleton en.meeting ) ( string ! type ) ) ( call SW.ensureNumericProperty ( string end_time ) ) ( string > ) ( call SW.ensureNumericEntity ( call SW.concat ( time 15 0 ) ( time 10 0 ) ) ) ) )
none	( call SW.listValue ( call SW.filter ( call SW.getProperty ( call SW.singleton en.meeting ) ( string ! type ) ) ( call SW.ensureNumericProperty ( string end_time ) ) ( string <= ) ( call SW.ensureNumericEntity ( call SW.getProperty en.meeting.annual_review ( string end_time ) ) ) ) )
none	( call SW.listValue ( call SW.filter ( call SW.getProperty ( call SW.singleton en.meeting ) ( string ! type ) ) ( call SW.ensureNumericProperty ( string end_time ) ) ( string < ) ( call SW.ensureNumericEntity ( call SW.getProperty en.meeting.annual_review ( string end_time ) ) ) ) )
none	( call SW.listValue ( call SW.filter ( call SW.getProperty ( call SW.singleton en.meeting ) ( string ! type ) ) ( call SW.ensureNumericProperty ( string end_time ) ) ( string >= ) ( call SW.ensureNumericEntity ( call SW.getProperty en.meeting.annual_review ( string end_time ) ) ) ) )
none	( call SW.listValue ( call SW.filter ( call SW.getProperty ( call SW.singleton en.meeting ) ( string ! type ) ) ( call SW.ensureNumericProperty ( string end_time ) ) ( string > ) ( call SW.ensureNumericEntity ( call SW.getProperty en.meeting.annual_review ( string end_time ) ) ) ) )
none	( call SW.listValue ( call SW.filter ( call SW.getProperty ( call SW.singleton en.meeting ) ( string ! type ) ) ( call SW.ensureNumericProperty ( string end_time ) ) ( string <= ) ( call SW.ensureNumericEntity ( call SW.getProperty en.meeting.annual_review ( string start_time ) ) ) ) )
none	( call SW.listValue ( call SW.filter ( call SW.getProperty ( call SW.singleton en.meeting ) ( string ! type ) ) ( call SW.ensureNumericProperty ( string end_time ) ) ( string < ) ( call SW.ensureNumericEntity ( call SW.getProperty en.meeting.annual_review ( string start_time ) ) ) ) )
none	( call SW.listValue ( call SW.filter ( call SW.getProperty ( call SW.singleton en.meeting ) ( string ! type ) ) ( call SW.ensureNumericProperty ( string end_time ) ) ( string >= ) ( call SW.ensureNumericEntity ( call SW.getProperty en.meeting.annual_review ( string start_time ) ) ) ) )
none	( call SW.listValue ( call SW.filter ( call SW.getProperty ( call SW.singleton en.meeting ) ( string ! type ) ) ( call SW.ensureNumericProperty ( string end_time ) ) ( string > ) ( call SW.ensureNumericEntity ( call SW.getProperty en.meeting.annual_review ( string start_time ) ) ) ) )
none	( call SW.listValue ( call SW.filter ( call SW.getProperty ( call SW.singleton en.meeting ) ( string ! type ) ) ( call SW.ensureNumericProperty ( string end_time ) ) ( string <= ) ( call SW.ensureNumericEntity ( time 15 0 ) ) ) )
none	( call SW.listValue ( call SW.filter ( call SW.getProperty ( call SW.singleton en.meeting ) ( string ! type ) ) ( call SW.ensureNumericProperty ( string end_time ) ) ( string < ) ( call SW.ensureNumericEntity ( time 15 0 ) ) ) )
none	( call SW.listValue ( call SW.filter ( call SW.getProperty ( call SW.singleton en.meeting ) ( string ! type ) ) ( call SW.ensureNumericProperty ( string end_time ) ) ( string >= ) ( call SW.ensureNumericEntity ( time 15 0 ) ) ) )
none	( call SW.listValue ( call SW.filter ( call SW.getProperty ( call SW.singleton en.meeting ) ( string ! type ) ) ( call SW.ensureNumericProperty ( string end_time ) ) ( string > ) ( call SW.ensureNumericEntity ( time 15 0 ) ) ) )
none	( call SW.listValue ( call SW.filter ( call SW.getProperty ( call SW.singleton en.meeting ) ( string ! type ) ) ( call SW.ensureNumericProperty ( string length ) ) ( string <= ) ( call SW.ensureNumericEntity ( call SW.concat ( number 1 en.hour ) ( number 3 en.hour ) ) ) ) )
none	( call SW.listValue ( call SW.filter ( call SW.getProperty ( call SW.singleton en.meeting ) ( string ! type ) ) ( call SW.ensureNumericProperty ( string length ) ) ( string < ) ( call SW.ensureNumericEntity ( call SW.concat ( number 1 en.hour ) ( number 3 en.hour ) ) ) ) )
none	( call SW.listValue ( call SW.filter ( call SW.getProperty ( call SW.singleton en.meeting ) ( string ! type ) ) ( call SW.ensureNumericProperty ( string length ) ) ( string >= ) ( call SW.ensureNumericEntity ( call SW.concat ( number 1 en.hour ) ( number 3 en.hour ) ) ) ) )
none	( call SW.listValue ( call SW.filter ( call SW.getProperty ( call SW.singleton en.meeting ) ( string ! type ) ) ( call SW.ensureNumericProperty ( string length ) ) ( string > ) ( call SW.ensureNumericEntity ( call SW.concat ( number 1 en.hour ) ( number 3 en.hour ) ) ) ) )
none	( call SW.listValue ( call SW.filter ( call SW.getProperty ( call SW.singleton en.meeting ) ( string ! type ) ) ( call SW.ensureNumericProperty ( string length ) ) ( string <= ) ( call SW.ensureNumericEntity ( call SW.getProperty en.meeting.annual_review ( string length ) ) ) ) )
none	( call SW.listValue ( call SW.filter ( call SW.getProperty ( call SW.singleton en.meeting ) ( string ! type ) ) ( call SW.ensureNumericProperty ( string length ) ) ( string < ) ( call SW.ensureNumericEntity ( call SW.getProperty en.meeting.annual_review ( string length ) ) ) ) )
none	( call SW.listValue ( call SW.filter ( call SW.getProperty ( call SW.singleton en.meeting ) ( string ! type ) ) ( call SW.ensureNumericProperty ( string length ) ) ( string >= ) ( call SW.ensureNumericEntity ( call SW.getProperty en.meeting.annual_review ( string length ) ) ) ) )
none	( call SW.listValue ( call SW.filter ( call SW.getProperty ( call SW.singleton en.meeting ) ( string ! type ) ) ( call SW.ensureNumericProperty ( string length ) ) ( string > ) ( call SW.ensureNumericEntity ( call SW.getProperty en.meeting.annual_review ( string length ) ) ) ) )
none	( call SW.listValue ( call SW.filter ( call SW.getProperty ( call SW.singleton en.meeting ) ( string ! type ) ) ( call SW.ensureNumericProperty ( string length ) ) ( string <= ) ( call SW.ensureNumericEntity ( number 1 en.hour ) ) ) )
none	( call SW.listValue ( call SW.filter ( call SW.getProperty ( call SW.singleton en.meeting ) ( string ! type ) ) ( call SW.ensureNumericProperty ( string length ) ) ( string < ) ( call SW.ensureNumericEntity ( number 1 en.hour ) ) ) )
none	( call SW.listValue ( call SW.filter ( call SW.getProperty ( call SW.singleton en.meeting ) ( string ! type ) ) ( call SW.ensureNumericProperty ( string length ) ) ( string >= ) ( call SW.ensureNumericEntity ( number 1 en.hour ) ) ) )
none	( call SW.listValue ( call SW.filter ( call SW.getProperty ( call SW.singleton en.meeting ) ( string ! type ) ) ( call SW.ensureNumericProperty ( string length ) ) ( string > ) ( call SW.ensureNumericEntity ( number 1 en.hour ) ) ) )
none	( call SW.listValue ( call SW.filter ( call SW.getProperty ( call SW.singleton en.meeting ) ( string ! type ) ) ( call SW.ensureNumericProperty ( string start_time ) ) ( string <= ) ( call SW.ensureNumericEntity ( call SW.concat ( time 15 0 ) ( time 10 0 ) ) ) ) )
none	( call SW.listValue ( call SW.filter ( call SW.getProperty ( call SW.singleton en.meeting ) ( string ! type ) ) ( call SW.ensureNumericProperty ( string start_time ) ) ( string < ) ( call SW.ensureNumericEntity ( call SW.concat ( time 15 0 ) ( time 10 0 ) ) ) ) )
none	( call SW.listValue ( call SW.filter ( call SW.getProperty ( call SW.singleton en.meeting ) ( string ! type ) ) ( call SW.ensureNumericProperty ( string start_time ) ) ( string >= ) ( call SW.ensureNumericEntity ( call SW.concat ( time 15 0 ) ( time 10 0 ) ) ) ) )
none	( call SW.listValue ( call SW.filter ( call SW.getProperty ( call SW.singleton en.meeting ) ( string ! type ) ) ( call SW.ensureNumericProperty ( string start_time ) ) ( string > ) ( call SW.ensureNumericEntity ( call SW.concat ( time 15 0 ) ( time 10 0 ) ) ) ) )
none	( call SW.listValue ( call SW.filter ( call SW.getProperty ( call SW.singleton en.meeting ) ( string ! type ) ) ( call SW.ensureNumericProperty ( string start_time ) ) ( string <= ) ( call SW.ensureNumericEntity ( call SW.getProperty en.meeting.annual_review ( string end_time ) ) ) ) )
none	( call SW.listValue ( call SW.filter ( call SW.getProperty ( call SW.singleton en.meeting ) ( string ! type ) ) ( call SW.ensureNumericProperty ( string start_time ) ) ( string < ) ( call SW.ensureNumericEntity ( call SW.getProperty en.meeting.annual_review ( string end_time ) ) ) ) )
none	( call SW.listValue ( call SW.filter ( call SW.getProperty ( call SW.singleton en.meeting ) ( string ! type ) ) ( call SW.ensureNumericProperty ( string start_time ) ) ( string >= ) ( call SW.ensureNumericEntity ( call SW.getProperty en.meeting.annual_review ( string end_time ) ) ) ) )
none	( call SW.listValue ( call SW.filter ( call SW.getProperty ( call SW.singleton en.meeting ) ( string ! type ) ) ( call SW.ensureNumericProperty ( string start_time ) ) ( string > ) ( call SW.ensureNumericEntity ( call SW.getProperty en.meeting.annual_review ( string end_time ) ) ) ) )
none	( call SW.listValue ( call SW.filter ( call SW.getProperty ( call SW.singleton en.meeting ) ( string ! type ) ) ( call SW.ensureNumericProperty ( string start_time ) ) ( string <= ) ( call SW.ensureNumericEntity ( call SW.getProperty en.meeting.annual_review ( string start_time ) ) ) ) )
none	( call SW.listValue ( call SW.filter ( call SW.getProperty ( call SW.singleton en.meeting ) ( string ! type ) ) ( call SW.ensureNumericProperty ( string start_time ) ) ( string < ) ( call SW.ensureNumericEntity ( call SW.getProperty en.meeting.annual_review ( string start_time ) ) ) ) )
none	( call SW.listValue ( call SW.filter ( call SW.getProperty ( call SW.singleton en.meeting ) ( string ! type ) ) ( call SW.ensureNumericProperty ( string start_time ) ) ( string >= ) ( call SW.ensureNumericEntity ( call SW.getProperty en.meeting.annual_review ( string start_time ) ) ) ) )
none	( call SW.listValue ( call SW.filter ( call SW.getProperty ( call SW.singleton en.meeting ) ( string ! type ) ) ( call SW.ensureNumericProperty ( string start_time ) ) ( string > ) ( call SW.ensureNumericEntity ( call SW.getProperty en.meeting.annual_review ( string start_time ) ) ) ) )
none	( call SW.listValue ( call SW.filter ( call SW.getProperty ( call SW.singleton en.meeting ) ( string ! type ) ) ( call SW.ensureNumericProperty ( string start_time ) ) ( string <= ) ( call SW.ensureNumericEntity ( time 15 0 ) ) ) )
none	( call SW.listValue ( call SW.filter ( call SW.getProperty ( call SW.singleton en.meeting ) ( string ! type ) ) ( call SW.ensureNumericProperty ( string start_time ) ) ( string < ) ( call SW.ensureNumericEntity ( time 15 0 ) ) ) )
none	( call SW.listValue ( call SW.filter ( call SW.getProperty ( call SW.singleton en.meeting ) ( string ! type ) ) ( call SW.ensureNumericProperty ( string start_time ) ) ( string >= ) ( call SW.ensureNumericEntity ( time 15 0 ) ) ) )
none	( call SW.listValue ( call SW.filter ( call SW.getProperty ( call SW.singleton en.meeting ) ( string ! type ) ) ( call SW.ensureNumericProperty ( string start_time ) ) ( string > ) ( call SW.ensureNumericEntity ( time 15 0 ) ) ) )
none	( call SW.listValue ( call SW.filter ( call SW.getProperty ( call SW.singleton en.meeting ) ( string ! type ) ) ( string attendee ) ( string = ) ( call SW.concat en.person.bob en.person.alice ) ) )
none	( call SW.listValue ( call SW.filter ( call SW.getProperty ( call SW.singleton en.meeting ) ( string ! type ) ) ( string attendee ) ( string = ) ( call SW.filter ( call SW.getProperty ( call SW.singleton en.person ) ( string ! type ) ) ( call SW.reverse ( string attendee ) ) ( string = ) en.meeting.annual_review ) ) )
none	( call SW.listValue ( call SW.filter ( call SW.getProperty ( call SW.singleton en.meeting ) ( string ! type ) ) ( string attendee ) ( string = ) ( call SW.getProperty en.meeting.annual_review ( string attendee ) ) ) )
none	( call SW.listValue ( call SW.filter ( call SW.getProperty ( call SW.singleton en.meeting ) ( string ! type ) ) ( string attendee ) ( string = ) en.person.bob ) )
none	( call SW.listValue ( call SW.filter ( call SW.getProperty ( call SW.singleton en.meeting ) ( string ! type ) ) ( string attendee ) ( string ! = ) en.person.bob ) )
none	( call SW.listValue ( call SW.filter ( call SW.getProperty ( call SW.singleton en.meeting ) ( string ! type ) ) ( string date ) ( string = ) ( call SW.concat ( date 2015 1 3 ) ( date 2015 1 2 ) ) ) )
none	( call SW.listValue ( call SW.filter ( call SW.getProperty ( call SW.singleton en.meeting ) ( string ! type ) ) ( string date ) ( string = ) ( call SW.getProperty en.meeting.annual_review ( string date ) ) ) )
none	( call SW.listValue ( call SW.filter ( call SW.getProperty ( call SW.singleton en.meeting ) ( string ! type ) ) ( string date ) ( string = ) ( date 2015 1 3 ) ) )
none	( call SW.listValue ( call SW.filter ( call SW.getProperty ( call SW.singleton en.meeting ) ( string ! type ) ) ( string date ) ( string ! = ) ( date 2015 1 3 ) ) )
none	( call SW.listValue ( call SW.filter ( call SW.getProperty ( call SW.singleton en.meeting ) ( string ! type ) ) ( string end_time ) ( string = ) ( call SW.concat ( time 15 0 ) ( time 10 0 ) ) ) )
none	( call SW.listValue ( call SW.filter ( call SW.getProperty ( call SW.singleton en.meeting ) ( string ! type ) ) ( string end_time ) ( string = ) ( call SW.getProperty en.meeting.annual_review ( string end_time ) ) ) )
none	( call SW.listValue ( call SW.filter ( call SW.getProperty ( call SW.singleton en.meeting ) ( string ! type ) ) ( string end_time ) ( string = ) ( call SW.getProperty en.meeting.annual_review ( string start_time ) ) ) )
none	( call SW.listValue ( call SW.filter ( call SW.getProperty ( call SW.singleton en.meeting ) ( string ! type ) ) ( string end_time ) ( string = ) ( time 15 0 ) ) )
none	( call SW.listValue ( call SW.filter ( call SW.getProperty ( call SW.singleton en.meeting ) ( string ! type ) ) ( string end_time ) ( string ! = ) ( time 15 0 ) ) )
none	( call SW.listValue ( call SW.filter ( call SW.getProperty ( call SW.singleton en.meeting ) ( string ! type ) ) ( string length ) ( string = ) ( call SW.concat ( number 1 en.hour ) ( number 3 en.hour ) ) ) )
none	( call SW.listValue ( call SW.filter ( call SW.getProperty ( call SW.singleton en.meeting ) ( string ! type ) ) ( string length ) ( string = ) ( call SW.getProperty en.meeting.annual_review ( string length ) ) ) )
none	( call SW.listValue ( call SW.filter ( call SW.getProperty ( call SW.singleton en.meeting ) ( string ! type ) ) ( string length ) ( string = ) ( number 1 en.hour ) ) )
none	( call SW.listValue ( call SW.filter ( call SW.getProperty ( call SW.singleton en.meeting ) ( string ! type ) ) ( string length ) ( string ! = ) ( number 1 en.hour ) ) )
none	( call SW.listValue ( call SW.filter ( call SW.getProperty ( call SW.singleton en.meeting ) ( string ! type ) ) ( string location ) ( string = ) ( call SW.concat en.location.central_office en.location.greenberg_cafe ) ) )
none	( call SW.listValue ( call SW.filter ( call SW.getProperty ( call SW.singleton en.meeting ) ( string ! type ) ) ( string location ) ( string = ) ( call SW.filter ( call SW.getProperty ( call SW.singleton en.location ) ( string ! type ) ) ( call SW.reverse ( string location ) ) ( string = ) en.meeting.annual_review ) ) )
none	( call SW.listValue ( call SW.filter ( call SW.getProperty ( call SW.singleton en.meeting ) ( string ! type ) ) ( string location ) ( string = ) ( call SW.getProperty en.meeting.annual_review ( string location ) ) ) )
none	( call SW.listValue ( call SW.filter ( call SW.getProperty ( call SW.singleton en.meeting ) ( string ! type ) ) ( string location ) ( string = ) en.location.central_office ) )
none	( call SW.listValue ( call SW.filter ( call SW.getProperty ( call SW.singleton en.meeting ) ( string ! type ) ) ( string location ) ( string ! = ) en.location.central_office ) )
none	( call SW.listValue ( call SW.filter ( call SW.getProperty ( call SW.singleton en.meeting ) ( string ! type ) ) ( string start_time ) ( string = ) ( call SW.concat ( time 15 0 ) ( time 10 0 ) ) ) )
none	( call SW.listValue ( call SW.filter ( call SW.getProperty ( call SW.singleton en.meeting ) ( string ! type ) ) ( string start_time ) ( string = ) ( call SW.getProperty en.meeting.annual_review ( string end_time ) ) ) )
none	( call SW.listValue ( call SW.filter ( call SW.getProperty ( call SW.singleton en.meeting ) ( string ! type ) ) ( string start_time ) ( string = ) ( call SW.getProperty en.meeting.annual_review ( string start_time ) ) ) )
none	( call SW.listValue ( call SW.filter ( call SW.getProperty ( call SW.singleton en.meeting ) ( string ! type ) ) ( string start_time ) ( string = ) ( time 15 0 ) ) )
none	( call SW.listValue ( call SW.filter ( call SW.getProperty ( call SW.singleton en.meeting ) ( string ! type ) ) ( string start_time ) ( string ! = ) ( time 15 0 ) ) )
none	( call SW.listValue ( call SW.filter ( call SW.getProperty ( call SW.singleton en.person ) ( string ! type ) ) ( call SW.reverse ( string attendee ) ) ( string = ) ( call SW.concat en.meeting.annual_review en.meeting.weekly_standup ) ) )
none	( call SW.listValue ( call SW.filter ( call SW.getProperty ( call SW.singleton en.person ) ( string ! type ) ) ( call SW.reverse ( string attendee ) ) ( string = ) ( call SW.filter ( call SW.getProperty ( call SW.singleton en.meeting ) ( string ! type ) ) ( string attendee ) ( string = ) en.person.bob ) ) )
none	( call SW.listValue ( call SW.filter ( call SW.getProperty ( call SW.singleton en.person ) ( string ! type ) ) ( call SW.reverse ( string attendee ) ) ( string = ) ( call SW.filter ( call SW.getProperty ( call SW.singleton en.meeting ) ( string ! type ) ) ( string date ) ( string = ) ( date 2015 1 3 ) ) ) )
none	( call SW.listValue ( call SW.filter ( call SW.getProperty ( call SW.singleton en.person ) ( string ! type ) ) ( call SW.reverse ( string attendee ) ) ( string = ) ( call SW.filter ( call SW.getProperty ( call SW.singleton en.meeting ) ( string ! type ) ) ( string end_time ) ( string = ) ( time 15 0 ) ) ) )
none	( call SW.listValue ( call SW.filter ( call SW.getProperty ( call SW.singleton en.person ) ( string ! type ) ) ( call SW.reverse ( string attendee ) ) ( string = ) ( call SW.filter ( call SW.getProperty ( call SW.singleton en.meeting ) ( string ! type ) ) ( string length ) ( string = ) ( number 1 en.hour ) ) ) )
none	( call SW.listValue ( call SW.filter ( call SW.getProperty ( call SW.singleton en.person ) ( string ! type ) ) ( call SW.reverse ( string attendee ) ) ( string = ) ( call SW.filter ( call SW.getProperty ( call SW.singleton en.meeting ) ( string ! type ) ) ( string location ) ( string = ) en.location.central_office ) ) )
none	( call SW.listValue ( call SW.filter ( call SW.getProperty ( call SW.singleton en.person ) ( string ! type ) ) ( call SW.reverse ( string attendee ) ) ( string = ) ( call SW.filter ( call SW.getProperty ( call SW.singleton en.meeting ) ( string ! type ) ) ( string start_time ) ( string = ) ( time 15 0 ) ) ) )
none	( call SW.listValue ( call SW.filter ( call SW.getProperty ( call SW.singleton en.person ) ( string ! type ) ) ( call SW.reverse ( string attendee ) ) ( string = ) en.meeting.annual_review ) )
none	( call SW.listValue ( call SW.filter ( call SW.getProperty ( call SW.singleton en.person ) ( string ! type ) ) ( call SW.reverse ( string attendee ) ) ( string ! = ) en.meeting.annual_review ) )
none	( call SW.listValue ( call SW.getProperty en.meeting.annual_review ( string attendee ) ) )
none	( call SW.listValue ( call SW.getProperty en.meeting.annual_review ( string date ) ) )
none	( call SW.listValue ( call SW.getProperty en.meeting.annual_review ( string end_time ) ) )
none	( call SW.listValue ( call SW.getProperty en.meeting.annual_review ( string length ) ) )
none	( call SW.listValue ( call SW.getProperty en.meeting.annual_review ( string location ) ) )
none	( call SW.listValue ( call SW.getProperty en.meeting.annual_review ( string start_time ) ) )