none	( call SW.listValue ( call SW.filter ( call SW.filter ( call SW.getProperty ( call SW.singleton en.person ) ( string ! type ) ) ( call SW.reverse ( string author ) ) ( string = ) en.article.multivariate_data_analysis ) ( call SW.reverse ( string author ) ) ( string = ) en.article.multivariate_data_analysis ) )
none	( call SW.listValue ( call SW.filter ( call SW.filter ( call SW.getProperty ( call SW.singleton en.article ) ( string ! type ) ) ( string venue ) ( string = ) en.venue.annals_of_statistics ) ( string venue ) ( string = ) en.venue.annals_of_statistics ) )
none	( call SW.listValue ( call SW.filter ( call SW.getProperty ( call SW.singleton en.article ) ( string ! type ) ) ( string author ) ( string = ) ( call SW.filter ( call SW.getProperty ( call SW.singleton en.person ) ( string ! type ) ) ( call SW.reverse ( string author ) ) ( string = ) en.article.multivariate_data_analysis ) ) )
none	( call SW.listValue ( call SW.filter ( call SW.getProperty ( call SW.singleton en.venue ) ( string ! type ) ) ( call SW.reverse ( string venue ) ) ( string = ) ( call SW.filter ( call SW.getProperty ( call SW.singleton en.article ) ( string ! type ) ) ( string venue ) ( string = ) en.venue.annals_of_statistics ) ) )
none	( call SW.listValue ( call SW.filter ( call SW.filter ( call SW.getProperty ( call SW.singleton en.article ) ( string ! type ) ) ( string cites ) ( string = ) en.article.multivariate_data_analysis ) ( string venue ) ( string = ) en.venue.annals_of_statistics ) )
none	( call SW.listValue ( call SW.filter ( call SW.getProperty ( call SW.singleton en.article ) ( string ! type ) ) ( string cites ) ( string = ) ( call SW.filter ( call SW.getProperty ( call SW.singleton en.article ) ( string ! type ) ) ( string venue ) ( string = ) en.venue.annals_of_statistics ) ) )
none	( call SW.listValue ( call SW.filter ( call SW.getProperty ( call SW.singleton en.person ) ( string ! type ) ) ( call SW.reverse ( string author ) ) ( string = ) ( call SW.filter ( call SW.getProperty ( call SW.singleton en.article ) ( string ! type ) ) ( string venue ) ( string = ) en.venue.annals_of_statistics ) ) )
none	( call SW.listValue ( call SW.filter ( call SW.filter ( call SW.getProperty ( call SW.singleton en.venue ) ( string ! type ) ) ( call SW.reverse ( string venue ) ) ( string = ) en.article.multivariate_data_analysis ) ( call SW.reverse ( string venue ) ) ( string = ) en.article.multivariate_data_analysis ) )
none	( call SW.listValue ( call SW.filter ( call SW.getProperty ( call SW.singleton en.venue ) ( string ! type ) ) ( call SW.reverse ( string venue ) ) ( string = ) ( call SW.filter ( call SW.getProperty ( call SW.singleton en.article ) ( string ! type ) ) ( string publication_date ) ( string = ) ( date 2004 -1 -1 ) ) ) )
none	( call SW.listValue ( call SW.filter ( call SW.filter ( call SW.getProperty ( call SW.singleton en.article ) ( string ! type ) ) ( call SW.reverse ( string cites ) ) ( string = ) en.article.multivariate_data_analysis ) ( string venue ) ( string = ) en.venue.annals_of_statistics ) )
none	( call SW.listValue ( call SW.filter ( call SW.getProperty ( call SW.singleton en.article ) ( string ! type ) ) ( call SW.ensureNumericProperty ( string publication_date ) ) ( string <= ) ( call SW.ensureNumericEntity ( call SW.getProperty en.article.multivariate_data_analysis ( string publication_date ) ) ) ) )
none	( call SW.listValue ( call SW.filter ( call SW.filter ( call SW.getProperty ( call SW.singleton en.article ) ( string ! type ) ) ( string publication_date ) ( string = ) ( date 2004 -1 -1 ) ) ( string venue ) ( string = ) en.venue.annals_of_statistics ) )
none	( call SW.listValue ( call SW.filter ( call SW.getProperty ( call SW.singleton en.article ) ( string ! type ) ) ( call SW.ensureNumericProperty ( string publication_date ) ) ( string >= ) ( call SW.ensureNumericEntity ( call SW.getProperty en.article.multivariate_data_analysis ( string publication_date ) ) ) ) )
none	( call SW.listValue ( call SW.filter ( call SW.filter ( call SW.getProperty ( call SW.singleton en.article ) ( string ! type ) ) ( string venue ) ( string = ) en.venue.annals_of_statistics ) ( string publication_date ) ( string = ) ( date 2004 -1 -1 ) ) )
none	( call SW.listValue ( call SW.filter ( call SW.getProperty ( call SW.singleton en.article ) ( string ! type ) ) ( call SW.ensureNumericProperty ( string publication_date ) ) ( string < ) ( call SW.ensureNumericEntity ( call SW.getProperty en.article.multivariate_data_analysis ( string publication_date ) ) ) ) )
none	( call SW.listValue ( call SW.filter ( call SW.getProperty ( call SW.singleton en.article ) ( string ! type ) ) ( call SW.ensureNumericProperty ( string publication_date ) ) ( string > ) ( call SW.ensureNumericEntity ( call SW.getProperty en.article.multivariate_data_analysis ( string publication_date ) ) ) ) )
none	( call SW.listValue ( call SW.filter ( call SW.getProperty ( call SW.singleton en.article ) ( string ! type ) ) ( string venue ) ( string = ) ( call SW.filter ( call SW.getProperty ( call SW.singleton en.venue ) ( string ! type ) ) ( call SW.reverse ( string venue ) ) ( string = ) en.article.multivariate_data_analysis ) ) )
none	( call SW.listValue ( call SW.filter ( call SW.filter ( call SW.getProperty ( call SW.singleton en.article ) ( string ! type ) ) ( string venue ) ( string = ) en.venue.annals_of_statistics ) ( call SW.reverse ( string cites ) ) ( string = ) en.article.multivariate_data_analysis ) )
none	( call SW.listValue ( call SW.filter ( call SW.filter ( call SW.getProperty ( call SW.singleton en.article ) ( string ! type ) ) ( string author ) ( string = ) en.person.efron ) ( string venue ) ( string = ) en.venue.annals_of_statistics ) )
none	( call SW.listValue ( call SW.filter ( call SW.getProperty ( call SW.singleton en.article ) ( string ! type ) ) ( call SW.reverse ( string cites ) ) ( string = ) ( call SW.filter ( call SW.getProperty ( call SW.singleton en.article ) ( string ! type ) ) ( string venue ) ( string = ) en.venue.annals_of_statistics ) ) )
none	( call SW.listValue ( call SW.filter ( call SW.filter ( call SW.getProperty ( call SW.singleton en.article ) ( string ! type ) ) ( string venue ) ( string = ) en.venue.annals_of_statistics ) ( string cites ) ( string = ) en.article.multivariate_data_analysis ) )
none	( call SW.listValue ( call SW.filter ( call SW.filter ( call SW.getProperty ( call SW.singleton en.article ) ( string ! type ) ) ( string venue ) ( string = ) en.venue.annals_of_statistics ) ( string author ) ( string = ) en.person.efron ) )
none	( call SW.listValue ( call SW.filter ( call SW.getProperty ( call SW.singleton en.article ) ( string ! type ) ) ( string publication_date ) ( string = ) ( call SW.getProperty en.article.multivariate_data_analysis ( string publication_date ) ) ) )
none	( call SW.listValue ( call SW.filter ( call SW.filter ( call SW.getProperty ( call SW.singleton en.article ) ( string ! type ) ) ( call SW.reverse ( string cites ) ) ( string = ) en.article.multivariate_data_analysis ) ( string publication_date ) ( string = ) ( date 2004 -1 -1 ) ) )
none	( call SW.listValue ( call SW.filter ( call SW.filter ( call SW.getProperty ( call SW.singleton en.article ) ( string ! type ) ) ( string publication_date ) ( string = ) ( date 2004 -1 -1 ) ) ( string publication_date ) ( string = ) ( date 2004 -1 -1 ) ) )
none	( call SW.listValue ( call SW.filter ( call SW.filter ( call SW.getProperty ( call SW.singleton en.article ) ( string ! type ) ) ( string cites ) ( string = ) en.article.multivariate_data_analysis ) ( string publication_date ) ( string = ) ( date 2004 -1 -1 ) ) )
none	( call SW.listValue ( call SW.filter ( call SW.getProperty ( call SW.singleton en.person ) ( string ! type ) ) ( call SW.reverse ( string author ) ) ( string = ) ( call SW.filter ( call SW.getProperty ( call SW.singleton en.article ) ( string ! type ) ) ( string publication_date ) ( string = ) ( date 2004 -1 -1 ) ) ) )
none	( call SW.listValue ( call SW.filter ( call SW.getProperty ( call SW.singleton en.article ) ( string ! type ) ) ( string venue ) ( string = ) ( call SW.concat en.venue.annals_of_statistics en.venue.computational_linguistics ) ) )
none	( call SW.listValue ( call SW.filter ( call SW.getProperty ( call SW.singleton en.person ) ( string ! type ) ) ( call SW.reverse ( string author ) ) ( string = ) ( call SW.filter ( call SW.getProperty ( call SW.singleton en.article ) ( string ! type ) ) ( call SW.reverse ( string cites ) ) ( string = ) en.article.multivariate_data_analysis ) ) )
none	( call SW.listValue ( call SW.filter ( call SW.getProperty ( call SW.singleton en.article ) ( string ! type ) ) ( call SW.ensureNumericProperty ( string publication_date ) ) ( string <= ) ( call SW.ensureNumericEntity ( call SW.concat ( date 2004 -1 -1 ) ( date 2010 -1 -1 ) ) ) ) )
none	( call SW.listValue ( call SW.filter ( call SW.getProperty ( call SW.singleton en.person ) ( string ! type ) ) ( call SW.reverse ( string author ) ) ( string = ) ( call SW.filter ( call SW.getProperty ( call SW.singleton en.article ) ( string ! type ) ) ( string cites ) ( string = ) en.article.multivariate_data_analysis ) ) )
none	( call SW.listValue ( call SW.filter ( call SW.getProperty ( call SW.singleton en.article ) ( string ! type ) ) ( call SW.ensureNumericProperty ( string publication_date ) ) ( string >= ) ( call SW.ensureNumericEntity ( call SW.concat ( date 2004 -1 -1 ) ( date 2010 -1 -1 ) ) ) ) )
none	( call SW.listValue ( call SW.filter ( call SW.getProperty ( call SW.singleton en.venue ) ( string ! type ) ) ( call SW.reverse ( string venue ) ) ( string = ) ( call SW.filter ( call SW.getProperty ( call SW.singleton en.article ) ( string ! type ) ) ( call SW.reverse ( string cites ) ) ( string = ) en.article.multivariate_data_analysis ) ) )
none	( call SW.listValue ( call SW.filter ( call SW.getProperty ( call SW.singleton en.article ) ( string ! type ) ) ( call SW.reverse ( string cites ) ) ( string = ) ( call SW.filter ( call SW.getProperty ( call SW.singleton en.article ) ( string ! type ) ) ( call SW.reverse ( string cites ) ) ( string = ) en.article.multivariate_data_analysis ) ) )
none	( call SW.listValue ( call SW.filter ( call SW.filter ( call SW.getProperty ( call SW.singleton en.article ) ( string ! type ) ) ( string author ) ( string = ) en.person.efron ) ( call SW.reverse ( string cites ) ) ( string = ) en.article.multivariate_data_analysis ) )
none	( call SW.listValue ( call SW.filter ( call SW.filter ( call SW.getProperty ( call SW.singleton en.article ) ( string ! type ) ) ( string won_award ) ) ( string venue ) ( string = ) en.venue.annals_of_statistics ) )
none	( call SW.listValue ( call SW.filter ( call SW.filter ( call SW.getProperty ( call SW.singleton en.article ) ( string ! type ) ) ( call SW.reverse ( string cites ) ) ( string = ) en.article.multivariate_data_analysis ) ( string cites ) ( string = ) en.article.multivariate_data_analysis ) )
none	( call SW.listValue ( call SW.filter ( call SW.filter ( call SW.getProperty ( call SW.singleton en.article ) ( string ! type ) ) ( string publication_date ) ( string = ) ( date 2004 -1 -1 ) ) ( string cites ) ( string = ) en.article.multivariate_data_analysis ) )
none	( call SW.listValue ( call SW.filter ( call SW.getProperty ( call SW.singleton en.article ) ( string ! type ) ) ( call SW.ensureNumericProperty ( string publication_date ) ) ( string < ) ( call SW.ensureNumericEntity ( date 2004 -1 -1 ) ) ) )
none	( call SW.listValue ( call SW.filter ( call SW.getProperty ( call SW.singleton en.article ) ( string ! type ) ) ( string venue ) ( string = ) ( call SW.getProperty en.article.multivariate_data_analysis ( string venue ) ) ) )
none	( call SW.listValue ( call SW.filter ( call SW.getProperty ( call SW.singleton en.article ) ( string ! type ) ) ( string cites ) ( string = ) ( call SW.filter ( call SW.getProperty ( call SW.singleton en.article ) ( string ! type ) ) ( string publication_date ) ( string = ) ( date 2004 -1 -1 ) ) ) )
none	( call SW.listValue ( call SW.filter ( call SW.getProperty ( call SW.singleton en.article ) ( string ! type ) ) ( call SW.reverse ( string cites ) ) ( string = ) ( call SW.filter ( call SW.getProperty ( call SW.singleton en.article ) ( string ! type ) ) ( string publication_date ) ( string = ) ( date 2004 -1 -1 ) ) ) )
none	( call SW.listValue ( call SW.filter ( call SW.getProperty ( call SW.singleton en.venue ) ( string ! type ) ) ( call SW.reverse ( string venue ) ) ( string = ) ( call SW.filter ( call SW.getProperty ( call SW.singleton en.article ) ( string ! type ) ) ( string cites ) ( string = ) en.article.multivariate_data_analysis ) ) )
none	( call SW.listValue ( call SW.filter ( call SW.filter ( call SW.getProperty ( call SW.singleton en.article ) ( string ! type ) ) ( string publication_date ) ( string = ) ( date 2004 -1 -1 ) ) ( call SW.reverse ( string cites ) ) ( string = ) en.article.multivariate_data_analysis ) )
none	( call SW.listValue ( call SW.filter ( call SW.filter ( call SW.getProperty ( call SW.singleton en.article ) ( string ! type ) ) ( string cites ) ( string = ) en.article.multivariate_data_analysis ) ( string author ) ( string = ) en.person.efron ) )
none	( call SW.listValue ( call SW.filter ( call SW.filter ( call SW.getProperty ( call SW.singleton en.article ) ( string ! type ) ) ( string cites ) ( string = ) en.article.multivariate_data_analysis ) ( call SW.reverse ( string cites ) ) ( string = ) en.article.multivariate_data_analysis ) )
none	( call SW.listValue ( call SW.filter ( call SW.filter ( call SW.getProperty ( call SW.singleton en.article ) ( string ! type ) ) ( call SW.reverse ( string cites ) ) ( string = ) en.article.multivariate_data_analysis ) ( string author ) ( string = ) en.person.efron ) )
none	( call SW.listValue ( call SW.countComparative ( call SW.getProperty ( call SW.singleton en.venue ) ( string ! type ) ) ( call SW.reverse ( string venue ) ) ( string >= ) ( number 2 ) ( call SW.getProperty ( call SW.singleton en.article ) ( string ! type ) ) ) )
none	( call SW.listValue ( call SW.filter ( call SW.filter ( call SW.getProperty ( call SW.singleton en.article ) ( string ! type ) ) ( call SW.reverse ( string cites ) ) ( string = ) en.article.multivariate_data_analysis ) ( call SW.reverse ( string cites ) ) ( string = ) en.article.multivariate_data_analysis ) )
none	( call SW.listValue ( call SW.filter ( call SW.getProperty ( call SW.singleton en.venue ) ( string ! type ) ) ( call SW.reverse ( string venue ) ) ( string = ) ( call SW.filter ( call SW.getProperty ( call SW.singleton en.article ) ( string ! type ) ) ( string author ) ( string = ) en.person.efron ) ) )
none	( call SW.listValue ( call SW.filter ( call SW.getProperty ( call SW.singleton en.article ) ( string ! type ) ) ( string publication_date ) ( string = ) ( call SW.concat ( date 2004 -1 -1 ) ( date 2010 -1 -1 ) ) ) )
none	( call SW.listValue ( call SW.countSuperlative ( call SW.getProperty ( call SW.singleton en.person ) ( string ! type ) ) ( string max ) ( call SW.reverse ( string author ) ) ( call SW.getProperty ( call SW.singleton en.article ) ( string ! type ) ) ) )
none	( call SW.listValue ( call SW.filter ( call SW.filter ( call SW.getProperty ( call SW.singleton en.article ) ( string ! type ) ) ( string author ) ( string = ) en.person.efron ) ( string publication_date ) ( string = ) ( date 2004 -1 -1 ) ) )
none	( call SW.listValue ( call SW.filter ( call SW.filter ( call SW.getProperty ( call SW.singleton en.article ) ( string ! type ) ) ( string venue ) ( string = ) en.venue.annals_of_statistics ) ( string won_award ) ) )
none	( call SW.listValue ( call SW.filter ( call SW.filter ( call SW.getProperty ( call SW.singleton en.article ) ( string ! type ) ) ( string cites ) ( string = ) en.article.multivariate_data_analysis ) ( string cites ) ( string = ) en.article.multivariate_data_analysis ) )
none	( call SW.listValue ( call SW.filter ( call SW.getProperty ( call SW.singleton en.article ) ( string ! type ) ) ( call SW.ensureNumericProperty ( string publication_date ) ) ( string > ) ( call SW.ensureNumericEntity ( call SW.concat ( date 2004 -1 -1 ) ( date 2010 -1 -1 ) ) ) ) )
none	( call SW.listValue ( call SW.filter ( call SW.getProperty ( call SW.singleton en.venue ) ( string ! type ) ) ( call SW.reverse ( string venue ) ) ( string = ) ( call SW.filter ( call SW.getProperty ( call SW.singleton en.article ) ( string ! type ) ) ( string won_award ) ) ) )
none	( call SW.listValue ( call SW.filter ( call SW.getProperty ( call SW.singleton en.person ) ( string ! type ) ) ( call SW.reverse ( string author ) ) ( string = ) ( call SW.filter ( call SW.getProperty ( call SW.singleton en.article ) ( string ! type ) ) ( string author ) ( string = ) en.person.efron ) ) )
none	( call SW.listValue ( call SW.filter ( call SW.getProperty ( call SW.singleton en.person ) ( string ! type ) ) ( call SW.reverse ( string author ) ) ( string = ) en.article.multivariate_data_analysis ) )
none	( call SW.listValue ( call SW.countComparative ( call SW.getProperty ( call SW.singleton en.person ) ( string ! type ) ) ( call SW.reverse ( string author ) ) ( string >= ) ( number 2 ) ( call SW.getProperty ( call SW.singleton en.article ) ( string ! type ) ) ) )
none	( call SW.listValue ( call SW.filter ( call SW.filter ( call SW.getProperty ( call SW.singleton en.article ) ( string ! type ) ) ( string author ) ( string = ) en.person.efron ) ( string cites ) ( string = ) en.article.multivariate_data_analysis ) )
none	( call SW.listValue ( call SW.filter ( call SW.getProperty ( call SW.singleton en.article ) ( string ! type ) ) ( call SW.reverse ( string cites ) ) ( string = ) ( call SW.filter ( call SW.getProperty ( call SW.singleton en.article ) ( string ! type ) ) ( string cites ) ( string = ) en.article.multivariate_data_analysis ) ) )
none	( call SW.listValue ( call SW.filter ( call SW.getProperty ( call SW.singleton en.person ) ( string ! type ) ) ( call SW.reverse ( string author ) ) ( string ! = ) en.article.multivariate_data_analysis ) )
none	( call SW.listValue ( call SW.filter ( call SW.filter ( call SW.getProperty ( call SW.singleton en.article ) ( string ! type ) ) ( string publication_date ) ( string = ) ( date 2004 -1 -1 ) ) ( string author ) ( string = ) en.person.efron ) )
none	( call SW.listValue ( call SW.countComparative ( call SW.getProperty ( call SW.singleton en.person ) ( string ! type ) ) ( call SW.reverse ( string author ) ) ( string < ) ( number 2 ) ( call SW.getProperty ( call SW.singleton en.article ) ( string ! type ) ) ) )
none	( call SW.listValue ( call SW.filter ( call SW.getProperty ( call SW.singleton en.article ) ( string ! type ) ) ( call SW.ensureNumericProperty ( string publication_date ) ) ( string < ) ( call SW.ensureNumericEntity ( call SW.concat ( date 2004 -1 -1 ) ( date 2010 -1 -1 ) ) ) ) )
none	( call SW.listValue ( call SW.filter ( call SW.getProperty ( call SW.singleton en.article ) ( string ! type ) ) ( string cites ) ( string = ) ( call SW.filter ( call SW.getProperty ( call SW.singleton en.article ) ( string ! type ) ) ( string cites ) ( string = ) en.article.multivariate_data_analysis ) ) )
none	( call SW.listValue ( call SW.countComparative ( call SW.getProperty ( call SW.singleton en.article ) ( string ! type ) ) ( call SW.reverse ( string cites ) ) ( string < ) ( number 2 ) ( call SW.getProperty ( call SW.singleton en.article ) ( string ! type ) ) ) )
none	( call SW.listValue ( call SW.countComparative ( call SW.getProperty ( call SW.singleton en.venue ) ( string ! type ) ) ( call SW.reverse ( string venue ) ) ( string <= ) ( number 2 ) ( call SW.getProperty ( call SW.singleton en.article ) ( string ! type ) ) ) )
none	( call SW.listValue ( call SW.countComparative ( call SW.getProperty ( call SW.singleton en.person ) ( string ! type ) ) ( call SW.reverse ( string author ) ) ( string <= ) ( number 2 ) ( call SW.getProperty ( call SW.singleton en.article ) ( string ! type ) ) ) )
none	( call SW.listValue ( call SW.filter ( call SW.getProperty ( call SW.singleton en.article ) ( string ! type ) ) ( string author ) ( string = ) ( call SW.getProperty en.article.multivariate_data_analysis ( string author ) ) ) )
none	( call SW.listValue ( call SW.filter ( call SW.getProperty ( call SW.singleton en.article ) ( string ! type ) ) ( string cites ) ( string = ) ( call SW.filter ( call SW.getProperty ( call SW.singleton en.article ) ( string ! type ) ) ( call SW.reverse ( string cites ) ) ( string = ) en.article.multivariate_data_analysis ) ) )
none	( call SW.listValue ( call SW.countComparative ( call SW.getProperty ( call SW.singleton en.article ) ( string ! type ) ) ( string venue ) ( string <= ) ( number 2 ) ) )
none	( call SW.listValue ( call SW.filter ( call SW.filter ( call SW.getProperty ( call SW.singleton en.article ) ( string ! type ) ) ( string author ) ( string = ) en.person.efron ) ( string author ) ( string = ) en.person.efron ) )
none	( call SW.listValue ( call SW.countComparative ( call SW.getProperty ( call SW.singleton en.venue ) ( string ! type ) ) ( call SW.reverse ( string venue ) ) ( string > ) ( number 2 ) ( call SW.getProperty ( call SW.singleton en.article ) ( string ! type ) ) ) )
none	( call SW.listValue ( call SW.filter ( call SW.filter ( call SW.getProperty ( call SW.singleton en.article ) ( string ! type ) ) ( string cites ) ( string = ) en.article.multivariate_data_analysis ) ( string won_award ) ) )
none	( call SW.listValue ( call SW.filter ( call SW.filter ( call SW.getProperty ( call SW.singleton en.article ) ( string ! type ) ) ( call SW.reverse ( string cites ) ) ( string = ) en.article.multivariate_data_analysis ) ( string won_award ) ) )
none	( call SW.listValue ( call SW.countSuperlative ( call SW.getProperty ( call SW.singleton en.article ) ( string ! type ) ) ( string max ) ( string cites ) ( call SW.getProperty ( call SW.singleton en.article ) ( string ! type ) ) ) )
none	( call SW.listValue ( call SW.countComparative ( call SW.getProperty ( call SW.singleton en.venue ) ( string ! type ) ) ( call SW.reverse ( string venue ) ) ( string < ) ( number 2 ) ( call SW.getProperty ( call SW.singleton en.article ) ( string ! type ) ) ) )
none	( call SW.listValue ( call SW.countSuperlative ( call SW.getProperty ( call SW.singleton en.venue ) ( string ! type ) ) ( string min ) ( call SW.reverse ( string venue ) ) ( call SW.getProperty ( call SW.singleton en.article ) ( string ! type ) ) ) )
none	( call SW.listValue ( call SW.countSuperlative ( call SW.getProperty ( call SW.singleton en.person ) ( string ! type ) ) ( string min ) ( call SW.reverse ( string author ) ) ( call SW.getProperty ( call SW.singleton en.article ) ( string ! type ) ) ) )
none	( call SW.listValue ( call SW.filter ( call SW.getProperty ( call SW.singleton en.person ) ( string ! type ) ) ( call SW.reverse ( string author ) ) ( string = ) ( call SW.filter ( call SW.getProperty ( call SW.singleton en.article ) ( string ! type ) ) ( string won_award ) ) ) )
none	( call SW.listValue ( call SW.countComparative ( call SW.getProperty ( call SW.singleton en.person ) ( string ! type ) ) ( call SW.reverse ( string author ) ) ( string > ) ( number 2 ) ( call SW.getProperty ( call SW.singleton en.article ) ( string ! type ) ) ) )
none	( call SW.listValue ( call SW.filter ( call SW.getProperty ( call SW.singleton en.article ) ( string ! type ) ) ( call SW.ensureNumericProperty ( string publication_date ) ) ( string > ) ( call SW.ensureNumericEntity ( date 2004 -1 -1 ) ) ) )
none	( call SW.listValue ( call SW.countSuperlative ( call SW.getProperty ( call SW.singleton en.article ) ( string ! type ) ) ( string min ) ( string cites ) ( call SW.getProperty ( call SW.singleton en.article ) ( string ! type ) ) ) )
none	( call SW.listValue ( call SW.filter ( call SW.getProperty ( call SW.singleton en.article ) ( string ! type ) ) ( call SW.reverse ( string cites ) ) ( string = ) ( call SW.filter ( call SW.getProperty ( call SW.singleton en.article ) ( string ! type ) ) ( string author ) ( string = ) en.person.efron ) ) )
none	( call SW.listValue ( call SW.filter ( call SW.filter ( call SW.getProperty ( call SW.singleton en.article ) ( string ! type ) ) ( string won_award ) ) ( call SW.reverse ( string cites ) ) ( string = ) en.article.multivariate_data_analysis ) )
none	( call SW.listValue ( call SW.countSuperlative ( call SW.getProperty ( call SW.singleton en.article ) ( string ! type ) ) ( string max ) ( string venue ) ) )
none	( call SW.listValue ( call SW.countComparative ( call SW.getProperty ( call SW.singleton en.venue ) ( string ! type ) ) ( call SW.reverse ( string venue ) ) ( string = ) ( number 2 ) ( call SW.getProperty ( call SW.singleton en.article ) ( string ! type ) ) ) )
none	( call SW.listValue ( call SW.filter ( call SW.getProperty ( call SW.singleton en.article ) ( string ! type ) ) ( string venue ) ( string = ) en.venue.annals_of_statistics ) )
none	( call SW.listValue ( call SW.countComparative ( call SW.getProperty ( call SW.singleton en.article ) ( string ! type ) ) ( call SW.reverse ( string cites ) ) ( string > ) ( number 2 ) ( call SW.getProperty ( call SW.singleton en.article ) ( string ! type ) ) ) )
none	( call SW.listValue ( call SW.filter ( call SW.getProperty ( call SW.singleton en.venue ) ( string ! type ) ) ( call SW.reverse ( string venue ) ) ( string = ) en.article.multivariate_data_analysis ) )
none	( call SW.listValue ( call SW.filter ( call SW.getProperty ( call SW.singleton en.article ) ( string ! type ) ) ( string author ) ( string = ) ( call SW.concat en.person.efron en.person.lakoff ) ) )
none	( call SW.listValue ( call SW.countSuperlative ( call SW.getProperty ( call SW.singleton en.venue ) ( string ! type ) ) ( string max ) ( call SW.reverse ( string venue ) ) ( call SW.getProperty ( call SW.singleton en.article ) ( string ! type ) ) ) )
none	( call SW.listValue ( call SW.filter ( call SW.filter ( call SW.getProperty ( call SW.singleton en.article ) ( string ! type ) ) ( string publication_date ) ( string = ) ( date 2004 -1 -1 ) ) ( string won_award ) ) )
none	( call SW.listValue ( call SW.filter ( call SW.getProperty ( call SW.singleton en.article ) ( string ! type ) ) ( call SW.reverse ( string cites ) ) ( string ! = ) en.article.multivariate_data_analysis ) )
none	( call SW.listValue ( call SW.filter ( call SW.filter ( call SW.getProperty ( call SW.singleton en.article ) ( string ! type ) ) ( string won_award ) ) ( string cites ) ( string = ) en.article.multivariate_data_analysis ) )
none	( call SW.listValue ( call SW.filter ( call SW.getProperty ( call SW.singleton en.venue ) ( string ! type ) ) ( call SW.reverse ( string venue ) ) ( string ! = ) en.article.multivariate_data_analysis ) )
none	( call SW.listValue ( call SW.countComparative ( call SW.getProperty ( call SW.singleton en.article ) ( string ! type ) ) ( string cites ) ( string <= ) ( number 2 ) ( call SW.getProperty ( call SW.singleton en.article ) ( string ! type ) ) ) )
none	( call SW.listValue ( call SW.countSuperlative ( call SW.getProperty ( call SW.singleton en.article ) ( string ! type ) ) ( string min ) ( call SW.reverse ( string cites ) ) ( call SW.getProperty ( call SW.singleton en.article ) ( string ! type ) ) ) )
none	( call SW.listValue ( call SW.filter ( call SW.filter ( call SW.getProperty ( call SW.singleton en.article ) ( string ! type ) ) ( string won_award ) ) ( string publication_date ) ( string = ) ( date 2004 -1 -1 ) ) )
none	( call SW.listValue ( call SW.filter ( call SW.getProperty ( call SW.singleton en.article ) ( string ! type ) ) ( string cites ) ( string = ) ( call SW.filter ( call SW.getProperty ( call SW.singleton en.article ) ( string ! type ) ) ( string won_award ) ) ) )
none	( call SW.listValue ( call SW.filter ( call SW.getProperty ( call SW.singleton en.article ) ( string ! type ) ) ( string cites ) ( string = ) ( call SW.filter ( call SW.getProperty ( call SW.singleton en.article ) ( string ! type ) ) ( string author ) ( string = ) en.person.efron ) ) )
none	( call SW.listValue ( call SW.filter ( call SW.getProperty ( call SW.singleton en.article ) ( string ! type ) ) ( call SW.ensureNumericProperty ( string publication_date ) ) ( string <= ) ( call SW.ensureNumericEntity ( date 2004 -1 -1 ) ) ) )
none	( call SW.listValue ( call SW.countSuperlative ( call SW.getProperty ( call SW.singleton en.article ) ( string ! type ) ) ( string max ) ( call SW.reverse ( string cites ) ) ( call SW.getProperty ( call SW.singleton en.article ) ( string ! type ) ) ) )
none	( call SW.listValue ( call SW.countComparative ( call SW.getProperty ( call SW.singleton en.article ) ( string ! type ) ) ( call SW.reverse ( string cites ) ) ( string = ) ( number 2 ) ( call SW.getProperty ( call SW.singleton en.article ) ( string ! type ) ) ) )
none	( call SW.listValue ( call SW.countComparative ( call SW.getProperty ( call SW.singleton en.article ) ( string ! type ) ) ( string venue ) ( string >= ) ( number 2 ) ) )
none	( call SW.listValue ( call SW.filter ( call SW.filter ( call SW.getProperty ( call SW.singleton en.article ) ( string ! type ) ) ( string author ) ( string = ) en.person.efron ) ( string won_award ) ) )
none	( call SW.listValue ( call SW.countSuperlative ( call SW.getProperty ( call SW.singleton en.article ) ( string ! type ) ) ( string min ) ( string venue ) ) )
none	( call SW.listValue ( call SW.filter ( call SW.getProperty ( call SW.singleton en.article ) ( string ! type ) ) ( string cites ) ( string ! = ) en.article.multivariate_data_analysis ) )
none	( call SW.listValue ( call SW.filter ( call SW.getProperty ( call SW.singleton en.article ) ( string ! type ) ) ( string venue ) ( string ! = ) en.venue.annals_of_statistics ) )
none	( call SW.listValue ( call SW.filter ( call SW.getProperty ( call SW.singleton en.article ) ( string ! type ) ) ( call SW.reverse ( string cites ) ) ( string = ) ( call SW.filter ( call SW.getProperty ( call SW.singleton en.article ) ( string ! type ) ) ( string won_award ) ) ) )
none	( call SW.listValue ( call SW.countComparative ( call SW.getProperty ( call SW.singleton en.article ) ( string ! type ) ) ( string venue ) ( string = ) ( number 2 ) ) )
none	( call SW.listValue ( call SW.countSuperlative ( call SW.getProperty ( call SW.singleton en.article ) ( string ! type ) ) ( string min ) ( string author ) ) )
none	( call SW.listValue ( call SW.countSuperlative ( call SW.getProperty ( call SW.singleton en.article ) ( string ! type ) ) ( string max ) ( string author ) ) )
none	( call SW.listValue ( call SW.countComparative ( call SW.getProperty ( call SW.singleton en.article ) ( string ! type ) ) ( string venue ) ( string < ) ( number 2 ) ) )
none	( call SW.listValue ( call SW.countComparative ( call SW.getProperty ( call SW.singleton en.person ) ( string ! type ) ) ( call SW.reverse ( string author ) ) ( string = ) ( number 2 ) ( call SW.getProperty ( call SW.singleton en.article ) ( string ! type ) ) ) )
none	( call SW.listValue ( call SW.countComparative ( call SW.getProperty ( call SW.singleton en.article ) ( string ! type ) ) ( call SW.reverse ( string cites ) ) ( string <= ) ( number 2 ) ( call SW.getProperty ( call SW.singleton en.article ) ( string ! type ) ) ) )
none	( call SW.listValue ( call SW.countComparative ( call SW.getProperty ( call SW.singleton en.article ) ( string ! type ) ) ( call SW.reverse ( string cites ) ) ( string >= ) ( number 2 ) ( call SW.getProperty ( call SW.singleton en.article ) ( string ! type ) ) ) )
none	( call SW.listValue ( call SW.countComparative ( call SW.getProperty ( call SW.singleton en.article ) ( string ! type ) ) ( string author ) ( string <= ) ( number 2 ) ) )
none	( call SW.listValue ( call SW.countComparative ( call SW.getProperty ( call SW.singleton en.article ) ( string ! type ) ) ( string cites ) ( string = ) ( number 2 ) ( call SW.getProperty ( call SW.singleton en.article ) ( string ! type ) ) ) )
none	( call SW.listValue ( call SW.superlative ( call SW.getProperty ( call SW.singleton en.article ) ( string ! type ) ) ( string min ) ( call SW.ensureNumericProperty ( string publication_date ) ) ) )
none	( call SW.listValue ( call SW.filter ( call SW.getProperty ( call SW.singleton en.article ) ( string ! type ) ) ( string publication_date ) ( string = ) ( date 2004 -1 -1 ) ) )
none	( call SW.listValue ( call SW.filter ( call SW.filter ( call SW.getProperty ( call SW.singleton en.article ) ( string ! type ) ) ( string won_award ) ) ( string author ) ( string = ) en.person.efron ) )
none	( call SW.listValue ( call SW.countComparative ( call SW.getProperty ( call SW.singleton en.article ) ( string ! type ) ) ( string cites ) ( string >= ) ( number 2 ) ( call SW.getProperty ( call SW.singleton en.article ) ( string ! type ) ) ) )
none	( call SW.listValue ( call SW.countComparative ( call SW.getProperty ( call SW.singleton en.article ) ( string ! type ) ) ( string venue ) ( string > ) ( number 2 ) ) )
none	( call SW.listValue ( call SW.countComparative ( call SW.getProperty ( call SW.singleton en.article ) ( string ! type ) ) ( string author ) ( string >= ) ( number 2 ) ) )
none	( call SW.listValue ( call SW.countComparative ( call SW.getProperty ( call SW.singleton en.article ) ( string ! type ) ) ( string cites ) ( string > ) ( number 2 ) ( call SW.getProperty ( call SW.singleton en.article ) ( string ! type ) ) ) )
none	( call SW.listValue ( call SW.countComparative ( call SW.getProperty ( call SW.singleton en.article ) ( string ! type ) ) ( string cites ) ( string < ) ( number 2 ) ( call SW.getProperty ( call SW.singleton en.article ) ( string ! type ) ) ) )
none	( call SW.listValue ( call SW.countComparative ( call SW.getProperty ( call SW.singleton en.article ) ( string ! type ) ) ( string author ) ( string < ) ( number 2 ) ) )
none	( call SW.listValue ( call SW.getProperty en.article.multivariate_data_analysis ( string publication_date ) ) )
none	( call SW.listValue ( call SW.countComparative ( call SW.getProperty ( call SW.singleton en.article ) ( string ! type ) ) ( string author ) ( string = ) ( number 2 ) ) )
none	( call SW.listValue ( call SW.filter ( call SW.filter ( call SW.getProperty ( call SW.singleton en.article ) ( string ! type ) ) ( string won_award ) ) ( string won_award ) ) )
none	( call SW.listValue ( call SW.filter ( call SW.getProperty ( call SW.singleton en.article ) ( string ! type ) ) ( call SW.reverse ( string cites ) ) ( string = ) en.article.multivariate_data_analysis ) )
none	( call SW.listValue ( call SW.filter ( call SW.getProperty ( call SW.singleton en.article ) ( string ! type ) ) ( call SW.ensureNumericProperty ( string publication_date ) ) ( string >= ) ( call SW.ensureNumericEntity ( date 2004 -1 -1 ) ) ) )
none	( call SW.listValue ( call SW.superlative ( call SW.getProperty ( call SW.singleton en.article ) ( string ! type ) ) ( string max ) ( call SW.ensureNumericProperty ( string publication_date ) ) ) )
none	( call SW.listValue ( call SW.concat en.venue.annals_of_statistics en.venue.computational_linguistics ) )
none	( call SW.listValue ( call SW.filter ( call SW.getProperty ( call SW.singleton en.article ) ( string ! type ) ) ( string publication_date ) ( string ! = ) ( date 2004 -1 -1 ) ) )
none	( call SW.listValue ( call SW.countComparative ( call SW.getProperty ( call SW.singleton en.article ) ( string ! type ) ) ( string author ) ( string > ) ( number 2 ) ) )
none	( call SW.listValue ( call SW.filter ( call SW.getProperty ( call SW.singleton en.article ) ( string ! type ) ) ( string cites ) ( string = ) en.article.multivariate_data_analysis ) )
none	( call SW.listValue ( call SW.filter ( call SW.getProperty ( call SW.singleton en.article ) ( string ! type ) ) ( string author ) ( string ! = ) en.person.efron ) )
none	( call SW.listValue ( call SW.getProperty en.article.multivariate_data_analysis ( string venue ) ) )
none	( call SW.listValue ( call SW.filter ( call SW.getProperty ( call SW.singleton en.article ) ( string ! type ) ) ( string author ) ( string = ) en.person.efron ) )
none	( call SW.listValue ( call SW.getProperty en.article.multivariate_data_analysis ( string author ) ) )
none	( call SW.listValue ( call SW.concat ( date 2004 -1 -1 ) ( date 2010 -1 -1 ) ) )
none	( call SW.listValue ( call SW.filter ( call SW.getProperty ( call SW.singleton en.article ) ( string ! type ) ) ( string won_award ) ) )
none	( call SW.listValue ( call SW.concat en.person.efron en.person.lakoff ) )
none	( call SW.listValue ( call .size ( call SW.getProperty ( call SW.singleton en.person ) ( string ! type ) ) ) )
none	( call SW.listValue ( call .size ( call SW.getProperty ( call SW.singleton en.venue ) ( string ! type ) ) ) )
none	( call SW.listValue ( call .size ( call SW.getProperty ( call SW.singleton en.article ) ( string ! type ) ) ) )
none	( call SW.listValue ( call SW.concat ( date 2010 -1 -1 ) ( date 2004 -1 -1 ) ) )
none	( call SW.listValue ( call SW.concat en.person.lakoff en.person.efron ) )
none	( call SW.listValue ( call SW.concat en.venue.computational_linguistics en.venue.annals_of_statistics ) )
none	( call SW.listValue ( call SW.filter ( call SW.filter ( call SW.getProperty ( call SW.singleton en.article ) ( string ! type ) ) ( call SW.reverse ( string cites ) ) ( string = ) en.article.multivariate_data_analysis ) ( string author ) ( string = ) en.person.lakoff ) )
none	( call SW.listValue ( call SW.filter ( call SW.filter ( call SW.getProperty ( call SW.singleton en.article ) ( string ! type ) ) ( call SW.reverse ( string cites ) ) ( string = ) en.article.multivariate_data_analysis ) ( string publication_date ) ( string = ) ( date 2010 -1 -1 ) ) )
none	( call SW.listValue ( call SW.filter ( call SW.filter ( call SW.getProperty ( call SW.singleton en.article ) ( string ! type ) ) ( call SW.reverse ( string cites ) ) ( string = ) en.article.multivariate_data_analysis ) ( string venue ) ( string = ) en.venue.computational_linguistics ) )
none	( call SW.listValue ( call SW.filter ( call SW.filter ( call SW.getProperty ( call SW.singleton en.article ) ( string ! type ) ) ( string author ) ( string = ) en.person.lakoff ) ( call SW.reverse ( string cites ) ) ( string = ) en.article.multivariate_data_analysis ) )
none	( call SW.listValue ( call SW.filter ( call SW.filter ( call SW.getProperty ( call SW.singleton en.article ) ( string ! type ) ) ( string author ) ( string = ) en.person.lakoff ) ( string author ) ( string = ) en.person.lakoff ) )
none	( call SW.listValue ( call SW.filter ( call SW.filter ( call SW.getProperty ( call SW.singleton en.article ) ( string ! type ) ) ( string author ) ( string = ) en.person.lakoff ) ( string cites ) ( string = ) en.article.multivariate_data_analysis ) )
none	( call SW.listValue ( call SW.filter ( call SW.filter ( call SW.getProperty ( call SW.singleton en.article ) ( string ! type ) ) ( string author ) ( string = ) en.person.lakoff ) ( string publication_date ) ( string = ) ( date 2010 -1 -1 ) ) )
none	( call SW.listValue ( call SW.filter ( call SW.filter ( call SW.getProperty ( call SW.singleton en.article ) ( string ! type ) ) ( string author ) ( string = ) en.person.lakoff ) ( string venue ) ( string = ) en.venue.computational_linguistics ) )
none	( call SW.listValue ( call SW.filter ( call SW.filter ( call SW.getProperty ( call SW.singleton en.article ) ( string ! type ) ) ( string author ) ( string = ) en.person.lakoff ) ( string won_award ) ) )
none	( call SW.listValue ( call SW.filter ( call SW.filter ( call SW.getProperty ( call SW.singleton en.article ) ( string ! type ) ) ( string cites ) ( string = ) en.article.multivariate_data_analysis ) ( string author ) ( string = ) en.person.lakoff ) )
none	( call SW.listValue ( call SW.filter ( call SW.filter ( call SW.getProperty ( call SW.singleton en.article ) ( string ! type ) ) ( string cites ) ( string = ) en.article.multivariate_data_analysis ) ( string publication_date ) ( string = ) ( date 2010 -1 -1 ) ) )
none	( call SW.listValue ( call SW.filter ( call SW.filter ( call SW.getProperty ( call SW.singleton en.article ) ( string ! type ) ) ( string cites ) ( string = ) en.article.multivariate_data_analysis ) ( string venue ) ( string = ) en.venue.computational_linguistics ) )
none	( call SW.listValue ( call SW.filter ( call SW.filter ( call SW.getProperty ( call SW.singleton en.article ) ( string ! type ) ) ( string publication_date ) ( string = ) ( date 2010 -1 -1 ) ) ( call SW.reverse ( string author ) ) ( string = ) en.article.multivariate_data_analysis ) )
none	( call SW.listValue ( call SW.filter ( call SW.filter ( call SW.getProperty ( call SW.singleton en.article ) ( string ! type ) ) ( string publication_date ) ( string = ) ( date 2010 -1 -1 ) ) ( call SW.reverse ( string cites ) ) ( string = ) en.article.multivariate_data_analysis ) )
none	( call SW.listValue ( call SW.filter ( call SW.filter ( call SW.getProperty ( call SW.singleton en.article ) ( string ! type ) ) ( string publication_date ) ( string = ) ( date 2010 -1 -1 ) ) ( call SW.reverse ( string publication_date ) ) ( string = ) en.article.multivariate_data_analysis ) )
none	( call SW.listValue ( call SW.filter ( call SW.filter ( call SW.getProperty ( call SW.singleton en.article ) ( string ! type ) ) ( string publication_date ) ( string = ) ( date 2010 -1 -1 ) ) ( call SW.reverse ( string venue ) ) ( string = ) en.article.multivariate_data_analysis ) )
none	( call SW.listValue ( call SW.filter ( call SW.filter ( call SW.getProperty ( call SW.singleton en.article ) ( string ! type ) ) ( string publication_date ) ( string = ) ( date 2010 -1 -1 ) ) ( string author ) ( string = ) en.person.lakoff ) )
none	( call SW.listValue ( call SW.filter ( call SW.filter ( call SW.getProperty ( call SW.singleton en.article ) ( string ! type ) ) ( string publication_date ) ( string = ) ( date 2010 -1 -1 ) ) ( string cites ) ( string = ) en.article.multivariate_data_analysis ) )
none	( call SW.listValue ( call SW.filter ( call SW.filter ( call SW.getProperty ( call SW.singleton en.article ) ( string ! type ) ) ( string publication_date ) ( string = ) ( date 2010 -1 -1 ) ) ( string publication_date ) ( string = ) ( date 2010 -1 -1 ) ) )
none	( call SW.listValue ( call SW.filter ( call SW.filter ( call SW.getProperty ( call SW.singleton en.article ) ( string ! type ) ) ( string publication_date ) ( string = ) ( date 2010 -1 -1 ) ) ( string venue ) ( string = ) en.venue.computational_linguistics ) )
none	( call SW.listValue ( call SW.filter ( call SW.filter ( call SW.getProperty ( call SW.singleton en.article ) ( string ! type ) ) ( string publication_date ) ( string = ) ( date 2010 -1 -1 ) ) ( string won_award ) ) )
none	( call SW.listValue ( call SW.filter ( call SW.filter ( call SW.getProperty ( call SW.singleton en.article ) ( string ! type ) ) ( string venue ) ( string = ) en.venue.computational_linguistics ) ( call SW.reverse ( string cites ) ) ( string = ) en.article.multivariate_data_analysis ) )
none	( call SW.listValue ( call SW.filter ( call SW.filter ( call SW.getProperty ( call SW.singleton en.article ) ( string ! type ) ) ( string venue ) ( string = ) en.venue.computational_linguistics ) ( string author ) ( string = ) en.person.lakoff ) )
none	( call SW.listValue ( call SW.filter ( call SW.filter ( call SW.getProperty ( call SW.singleton en.article ) ( string ! type ) ) ( string venue ) ( string = ) en.venue.computational_linguistics ) ( string cites ) ( string = ) en.article.multivariate_data_analysis ) )
none	( call SW.listValue ( call SW.filter ( call SW.filter ( call SW.getProperty ( call SW.singleton en.article ) ( string ! type ) ) ( string venue ) ( string = ) en.venue.computational_linguistics ) ( string publication_date ) ( string = ) ( date 2010 -1 -1 ) ) )
none	( call SW.listValue ( call SW.filter ( call SW.filter ( call SW.getProperty ( call SW.singleton en.article ) ( string ! type ) ) ( string venue ) ( string = ) en.venue.computational_linguistics ) ( string venue ) ( string = ) en.venue.computational_linguistics ) )
none	( call SW.listValue ( call SW.filter ( call SW.filter ( call SW.getProperty ( call SW.singleton en.article ) ( string ! type ) ) ( string venue ) ( string = ) en.venue.computational_linguistics ) ( string won_award ) ) )
none	( call SW.listValue ( call SW.filter ( call SW.filter ( call SW.getProperty ( call SW.singleton en.article ) ( string ! type ) ) ( string won_award ) ) ( string author ) ( string = ) en.person.lakoff ) )
none	( call SW.listValue ( call SW.filter ( call SW.filter ( call SW.getProperty ( call SW.singleton en.article ) ( string ! type ) ) ( string won_award ) ) ( string publication_date ) ( string = ) ( date 2010 -1 -1 ) ) )
none	( call SW.listValue ( call SW.filter ( call SW.filter ( call SW.getProperty ( call SW.singleton en.article ) ( string ! type ) ) ( string won_award ) ) ( string venue ) ( string = ) en.venue.computational_linguistics ) )
none	( call SW.listValue ( call SW.filter ( call SW.getProperty ( call SW.singleton en.article ) ( string ! type ) ) ( call SW.ensureNumericProperty ( string publication_date ) ) ( string <= ) ( call SW.ensureNumericEntity ( call SW.concat ( date 2010 -1 -1 ) ( date 2004 -1 -1 ) ) ) ) )
none	( call SW.listValue ( call SW.filter ( call SW.getProperty ( call SW.singleton en.article ) ( string ! type ) ) ( call SW.ensureNumericProperty ( string publication_date ) ) ( string < ) ( call SW.ensureNumericEntity ( call SW.concat ( date 2010 -1 -1 ) ( date 2004 -1 -1 ) ) ) ) )
none	( call SW.listValue ( call SW.filter ( call SW.getProperty ( call SW.singleton en.article ) ( string ! type ) ) ( call SW.ensureNumericProperty ( string publication_date ) ) ( string >= ) ( call SW.ensureNumericEntity ( call SW.concat ( date 2010 -1 -1 ) ( date 2004 -1 -1 ) ) ) ) )
none	( call SW.listValue ( call SW.filter ( call SW.getProperty ( call SW.singleton en.article ) ( string ! type ) ) ( call SW.ensureNumericProperty ( string publication_date ) ) ( string > ) ( call SW.ensureNumericEntity ( call SW.concat ( date 2010 -1 -1 ) ( date 2004 -1 -1 ) ) ) ) )
none	( call SW.listValue ( call SW.filter ( call SW.getProperty ( call SW.singleton en.article ) ( string ! type ) ) ( call SW.ensureNumericProperty ( string publication_date ) ) ( string <= ) ( call SW.ensureNumericEntity ( date 2010 -1 -1 ) ) ) )
none	( call SW.listValue ( call SW.filter ( call SW.getProperty ( call SW.singleton en.article ) ( string ! type ) ) ( call SW.ensureNumericProperty ( string publication_date ) ) ( string < ) ( call SW.ensureNumericEntity ( date 2010 -1 -1 ) ) ) )
none	( call SW.listValue ( call SW.filter ( call SW.getProperty ( call SW.singleton en.article ) ( string ! type ) ) ( call SW.ensureNumericProperty ( string publication_date ) ) ( string >= ) ( call SW.ensureNumericEntity ( date 2010 -1 -1 ) ) ) )
none	( call SW.listValue ( call SW.filter ( call SW.getProperty ( call SW.singleton en.article ) ( string ! type ) ) ( call SW.ensureNumericProperty ( string publication_date ) ) ( string > ) ( call SW.ensureNumericEntity ( date 2010 -1 -1 ) ) ) )
none	( call SW.listValue ( call SW.filter ( call SW.getProperty ( call SW.singleton en.article ) ( string ! type ) ) ( call SW.reverse ( string cites ) ) ( string = ) ( call SW.filter ( call SW.getProperty ( call SW.singleton en.article ) ( string ! type ) ) ( string author ) ( string = ) en.person.lakoff ) ) )
none	( call SW.listValue ( call SW.filter ( call SW.getProperty ( call SW.singleton en.article ) ( string ! type ) ) ( call SW.reverse ( string cites ) ) ( string = ) ( call SW.filter ( call SW.getProperty ( call SW.singleton en.article ) ( string ! type ) ) ( string publication_date ) ( string = ) ( date 2010 -1 -1 ) ) ) )
none	( call SW.listValue ( call SW.filter ( call SW.getProperty ( call SW.singleton en.article ) ( string ! type ) ) ( call SW.reverse ( string cites ) ) ( string = ) ( call SW.filter ( call SW.getProperty ( call SW.singleton en.article ) ( string ! type ) ) ( string venue ) ( string = ) en.venue.computational_linguistics ) ) )
none	( call SW.listValue ( call SW.filter ( call SW.getProperty ( call SW.singleton en.article ) ( string ! type ) ) ( string author ) ( string = ) ( call SW.concat en.person.lakoff en.person.efron ) ) )
none	( call SW.listValue ( call SW.filter ( call SW.getProperty ( call SW.singleton en.article ) ( string ! type ) ) ( string author ) ( string = ) ( call SW.filter ( call SW.getProperty ( call SW.singleton en.article ) ( string ! type ) ) ( string publication_date ) ( string = ) ( date 2010 -1 -1 ) ) ) )
none	( call SW.listValue ( call SW.filter ( call SW.getProperty ( call SW.singleton en.article ) ( string ! type ) ) ( string author ) ( string = ) en.person.lakoff ) )
none	( call SW.listValue ( call SW.filter ( call SW.getProperty ( call SW.singleton en.article ) ( string ! type ) ) ( string author ) ( string ! = ) en.person.lakoff ) )
none	( call SW.listValue ( call SW.filter ( call SW.getProperty ( call SW.singleton en.article ) ( string ! type ) ) ( string cites ) ( string = ) ( call SW.filter ( call SW.getProperty ( call SW.singleton en.article ) ( string ! type ) ) ( string author ) ( string = ) en.person.lakoff ) ) )
none	( call SW.listValue ( call SW.filter ( call SW.getProperty ( call SW.singleton en.article ) ( string ! type ) ) ( string cites ) ( string = ) ( call SW.filter ( call SW.getProperty ( call SW.singleton en.article ) ( string ! type ) ) ( string publication_date ) ( string = ) ( date 2010 -1 -1 ) ) ) )
none	( call SW.listValue ( call SW.filter ( call SW.getProperty ( call SW.singleton en.article ) ( string ! type ) ) ( string cites ) ( string = ) ( call SW.filter ( call SW.getProperty ( call SW.singleton en.article ) ( string ! type ) ) ( string venue ) ( string = ) en.venue.computational_linguistics ) ) )
none	( call SW.listValue ( call SW.filter ( call SW.getProperty ( call SW.singleton en.article ) ( string ! type ) ) ( string publication_date ) ( string = ) ( call SW.concat ( date 2010 -1 -1 ) ( date 2004 -1 -1 ) ) ) )
none	( call SW.listValue ( call SW.filter ( call SW.getProperty ( call SW.singleton en.article ) ( string ! type ) ) ( string publication_date ) ( string = ) ( call SW.filter ( call SW.getProperty ( call SW.singleton en.article ) ( string ! type ) ) ( string publication_date ) ( string = ) ( date 2010 -1 -1 ) ) ) )
none	( call SW.listValue ( call SW.filter ( call SW.getProperty ( call SW.singleton en.article ) ( string ! type ) ) ( string publication_date ) ( string = ) ( date 2010 -1 -1 ) ) )
none	( call SW.listValue ( call SW.filter ( call SW.getProperty ( call SW.singleton en.article ) ( string ! type ) ) ( string publication_date ) ( string ! = ) ( date 2010 -1 -1 ) ) )
none	( call SW.listValue ( call SW.filter ( call SW.getProperty ( call SW.singleton en.article ) ( string ! type ) ) ( string venue ) ( string = ) ( call SW.concat en.venue.computational_linguistics en.venue.annals_of_statistics ) ) )
none	( call SW.listValue ( call SW.filter ( call SW.getProperty ( call SW.singleton en.article ) ( string ! type ) ) ( string venue ) ( string = ) ( call SW.filter ( call SW.getProperty ( call SW.singleton en.article ) ( string ! type ) ) ( string publication_date ) ( string = ) ( date 2010 -1 -1 ) ) ) )
none	( call SW.listValue ( call SW.filter ( call SW.getProperty ( call SW.singleton en.article ) ( string ! type ) ) ( string venue ) ( string = ) en.venue.computational_linguistics ) )
none	( call SW.listValue ( call SW.filter ( call SW.getProperty ( call SW.singleton en.article ) ( string ! type ) ) ( string venue ) ( string ! = ) en.venue.computational_linguistics ) )
none	( call SW.listValue ( call SW.filter ( call SW.getProperty ( call SW.singleton en.person ) ( string ! type ) ) ( call SW.reverse ( string author ) ) ( string = ) ( call SW.filter ( call SW.getProperty ( call SW.singleton en.article ) ( string ! type ) ) ( string author ) ( string = ) en.person.lakoff ) ) )
none	( call SW.listValue ( call SW.filter ( call SW.getProperty ( call SW.singleton en.person ) ( string ! type ) ) ( call SW.reverse ( string author ) ) ( string = ) ( call SW.filter ( call SW.getProperty ( call SW.singleton en.article ) ( string ! type ) ) ( string publication_date ) ( string = ) ( date 2010 -1 -1 ) ) ) )
none	( call SW.listValue ( call SW.filter ( call SW.getProperty ( call SW.singleton en.person ) ( string ! type ) ) ( call SW.reverse ( string author ) ) ( string = ) ( call SW.filter ( call SW.getProperty ( call SW.singleton en.article ) ( string ! type ) ) ( string venue ) ( string = ) en.venue.computational_linguistics ) ) )
none	( call SW.listValue ( call SW.filter ( call SW.getProperty ( call SW.singleton en.venue ) ( string ! type ) ) ( call SW.reverse ( string venue ) ) ( string = ) ( call SW.filter ( call SW.getProperty ( call SW.singleton en.article ) ( string ! type ) ) ( string author ) ( string = ) en.person.lakoff ) ) )
none	( call SW.listValue ( call SW.filter ( call SW.getProperty ( call SW.singleton en.venue ) ( string ! type ) ) ( call SW.reverse ( string venue ) ) ( string = ) ( call SW.filter ( call SW.getProperty ( call SW.singleton en.article ) ( string ! type ) ) ( string publication_date ) ( string = ) ( date 2010 -1 -1 ) ) ) )
none	( call SW.listValue ( call SW.filter ( call SW.getProperty ( call SW.singleton en.venue ) ( string ! type ) ) ( call SW.reverse ( string venue ) ) ( string = ) ( call SW.filter ( call SW.getProperty ( call SW.singleton en.article ) ( string ! type ) ) ( string venue ) ( string = ) en.venue.computational_linguistics ) ) )