none	( call SW.listValue ( call SW.filter ( call SW.getProperty ( call SW.singleton en.recipe ) ( string ! type ) ) ( call SW.ensureNumericProperty ( string preparation_time ) ) ( string >= ) ( call SW.ensureNumericEntity ( call SW.getProperty en.recipe.rice_pudding ( string preparation_time ) ) ) ) )
none	( call SW.listValue ( call SW.filter ( call SW.getProperty ( call SW.singleton en.recipe ) ( string ! type ) ) ( call SW.ensureNumericProperty ( string preparation_time ) ) ( string < ) ( call SW.ensureNumericEntity ( call SW.getProperty en.recipe.rice_pudding ( string preparation_time ) ) ) ) )
none	( call SW.listValue ( call SW.filter ( call SW.getProperty ( call SW.singleton en.recipe ) ( string ! type ) ) ( call SW.ensureNumericProperty ( string posting_date ) ) ( string > ) ( call SW.ensureNumericEntity ( call SW.getProperty en.recipe.rice_pudding ( string posting_date ) ) ) ) )
none	( call SW.listValue ( call SW.filter ( call SW.getProperty ( call SW.singleton en.recipe ) ( string ! type ) ) ( call SW.ensureNumericProperty ( string cooking_time ) ) ( string > ) ( call SW.ensureNumericEntity ( call SW.getProperty en.recipe.rice_pudding ( string preparation_time ) ) ) ) )
none	( call SW.listValue ( call SW.filter ( call SW.getProperty ( call SW.singleton en.recipe ) ( string ! type ) ) ( call SW.ensureNumericProperty ( string preparation_time ) ) ( string <= ) ( call SW.ensureNumericEntity ( call SW.getProperty en.recipe.rice_pudding ( string preparation_time ) ) ) ) )
none	( call SW.listValue ( call SW.filter ( call SW.getProperty ( call SW.singleton en.recipe ) ( string ! type ) ) ( call SW.ensureNumericProperty ( string cooking_time ) ) ( string <= ) ( call SW.ensureNumericEntity ( call SW.getProperty en.recipe.rice_pudding ( string preparation_time ) ) ) ) )
none	( call SW.listValue ( call SW.filter ( call SW.getProperty ( call SW.singleton en.recipe ) ( string ! type ) ) ( call SW.ensureNumericProperty ( string preparation_time ) ) ( string > ) ( call SW.ensureNumericEntity ( call SW.getProperty en.recipe.rice_pudding ( string preparation_time ) ) ) ) )
none	( call SW.listValue ( call SW.filter ( call SW.getProperty ( call SW.singleton en.recipe ) ( string ! type ) ) ( call SW.ensureNumericProperty ( string posting_date ) ) ( string >= ) ( call SW.ensureNumericEntity ( call SW.getProperty en.recipe.rice_pudding ( string posting_date ) ) ) ) )
none	( call SW.listValue ( call SW.filter ( call SW.getProperty ( call SW.singleton en.recipe ) ( string ! type ) ) ( call SW.ensureNumericProperty ( string posting_date ) ) ( string < ) ( call SW.ensureNumericEntity ( call SW.getProperty en.recipe.rice_pudding ( string posting_date ) ) ) ) )
none	( call SW.listValue ( call SW.filter ( call SW.getProperty ( call SW.singleton en.recipe ) ( string ! type ) ) ( call SW.ensureNumericProperty ( string preparation_time ) ) ( string <= ) ( call SW.ensureNumericEntity ( call SW.getProperty en.recipe.rice_pudding ( string cooking_time ) ) ) ) )
none	( call SW.listValue ( call SW.filter ( call SW.getProperty ( call SW.singleton en.recipe ) ( string ! type ) ) ( call SW.ensureNumericProperty ( string posting_date ) ) ( string > ) ( call SW.ensureNumericEntity ( call SW.concat ( date 2004 -1 -1 ) ( date 2010 -1 -1 ) ) ) ) )
none	( call SW.listValue ( call SW.filter ( call SW.getProperty ( call SW.singleton en.recipe ) ( string ! type ) ) ( call SW.ensureNumericProperty ( string cooking_time ) ) ( string >= ) ( call SW.ensureNumericEntity ( call SW.getProperty en.recipe.rice_pudding ( string preparation_time ) ) ) ) )
none	( call SW.listValue ( call SW.filter ( call SW.getProperty ( call SW.singleton en.meal ) ( string ! type ) ) ( call SW.reverse ( string meal ) ) ( string = ) ( call SW.filter ( call SW.getProperty ( call SW.singleton en.recipe ) ( string ! type ) ) ( string posting_date ) ( string = ) ( date 2004 -1 -1 ) ) ) )
none	( call SW.listValue ( call SW.filter ( call SW.getProperty ( call SW.singleton en.recipe ) ( string ! type ) ) ( call SW.ensureNumericProperty ( string cooking_time ) ) ( string < ) ( call SW.ensureNumericEntity ( call SW.getProperty en.recipe.rice_pudding ( string preparation_time ) ) ) ) )
none	( call SW.listValue ( call SW.filter ( call SW.getProperty ( call SW.singleton en.recipe ) ( string ! type ) ) ( call SW.ensureNumericProperty ( string preparation_time ) ) ( string < ) ( call SW.ensureNumericEntity ( call SW.getProperty en.recipe.rice_pudding ( string cooking_time ) ) ) ) )
none	( call SW.listValue ( call SW.filter ( call SW.getProperty ( call SW.singleton en.recipe ) ( string ! type ) ) ( string meal ) ( string = ) ( call SW.filter ( call SW.getProperty ( call SW.singleton en.meal ) ( string ! type ) ) ( call SW.reverse ( string meal ) ) ( string = ) en.recipe.rice_pudding ) ) )
none	( call SW.listValue ( call SW.filter ( call SW.filter ( call SW.getProperty ( call SW.singleton en.ingredient ) ( string ! type ) ) ( call SW.reverse ( string requires ) ) ( string = ) en.recipe.rice_pudding ) ( call SW.reverse ( string requires ) ) ( string = ) en.recipe.rice_pudding ) )
none	( call SW.listValue ( call SW.filter ( call SW.filter ( call SW.getProperty ( call SW.singleton en.meal ) ( string ! type ) ) ( call SW.reverse ( string meal ) ) ( string = ) en.recipe.rice_pudding ) ( call SW.reverse ( string meal ) ) ( string = ) en.recipe.rice_pudding ) )
none	( call SW.listValue ( call SW.filter ( call SW.getProperty ( call SW.singleton en.recipe ) ( string ! type ) ) ( call SW.ensureNumericProperty ( string posting_date ) ) ( string <= ) ( call SW.ensureNumericEntity ( call SW.getProperty en.recipe.rice_pudding ( string posting_date ) ) ) ) )
none	( call SW.listValue ( call SW.filter ( call SW.getProperty ( call SW.singleton en.meal ) ( string ! type ) ) ( call SW.reverse ( string meal ) ) ( string = ) ( call SW.filter ( call SW.getProperty ( call SW.singleton en.recipe ) ( string ! type ) ) ( string meal ) ( string = ) en.meal.lunch ) ) )
none	( call SW.listValue ( call SW.filter ( call SW.getProperty ( call SW.singleton en.recipe ) ( string ! type ) ) ( call SW.ensureNumericProperty ( string preparation_time ) ) ( string > ) ( call SW.ensureNumericEntity ( call SW.getProperty en.recipe.rice_pudding ( string cooking_time ) ) ) ) )
none	( call SW.listValue ( call SW.filter ( call SW.getProperty ( call SW.singleton en.recipe ) ( string ! type ) ) ( call SW.ensureNumericProperty ( string preparation_time ) ) ( string >= ) ( call SW.ensureNumericEntity ( call SW.getProperty en.recipe.rice_pudding ( string cooking_time ) ) ) ) )
none	( call SW.listValue ( call SW.filter ( call SW.getProperty ( call SW.singleton en.recipe ) ( string ! type ) ) ( string preparation_time ) ( string = ) ( call SW.getProperty en.recipe.rice_pudding ( string preparation_time ) ) ) )
none	( call SW.listValue ( call SW.filter ( call SW.filter ( call SW.getProperty ( call SW.singleton en.recipe ) ( string ! type ) ) ( string posting_date ) ( string = ) ( date 2004 -1 -1 ) ) ( string meal ) ( string = ) en.meal.lunch ) )
none	( call SW.listValue ( call SW.filter ( call SW.getProperty ( call SW.singleton en.recipe ) ( string ! type ) ) ( string posting_date ) ( string = ) ( call SW.getProperty en.recipe.rice_pudding ( string posting_date ) ) ) )
none	( call SW.listValue ( call SW.filter ( call SW.getProperty ( call SW.singleton en.recipe ) ( string ! type ) ) ( call SW.ensureNumericProperty ( string cooking_time ) ) ( string > ) ( call SW.ensureNumericEntity ( call SW.getProperty en.recipe.rice_pudding ( string cooking_time ) ) ) ) )
none	( call SW.listValue ( call SW.filter ( call SW.filter ( call SW.getProperty ( call SW.singleton en.recipe ) ( string ! type ) ) ( string meal ) ( string = ) en.meal.lunch ) ( string posting_date ) ( string = ) ( date 2004 -1 -1 ) ) )
none	( call SW.listValue ( call SW.filter ( call SW.getProperty ( call SW.singleton en.ingredient ) ( string ! type ) ) ( call SW.reverse ( string requires ) ) ( string = ) ( call SW.filter ( call SW.getProperty ( call SW.singleton en.recipe ) ( string ! type ) ) ( string posting_date ) ( string = ) ( date 2004 -1 -1 ) ) ) )
none	( call SW.listValue ( call SW.filter ( call SW.getProperty ( call SW.singleton en.recipe ) ( string ! type ) ) ( call SW.ensureNumericProperty ( string posting_date ) ) ( string < ) ( call SW.ensureNumericEntity ( call SW.concat ( date 2004 -1 -1 ) ( date 2010 -1 -1 ) ) ) ) )
none	( call SW.listValue ( call SW.filter ( call SW.getProperty ( call SW.singleton en.recipe ) ( string ! type ) ) ( string requires ) ( string = ) ( call SW.filter ( call SW.getProperty ( call SW.singleton en.ingredient ) ( string ! type ) ) ( call SW.reverse ( string requires ) ) ( string = ) en.recipe.rice_pudding ) ) )
none	( call SW.listValue ( call SW.filter ( call SW.filter ( call SW.getProperty ( call SW.singleton en.recipe ) ( string ! type ) ) ( string posting_date ) ( string = ) ( date 2004 -1 -1 ) ) ( string posting_date ) ( string = ) ( date 2004 -1 -1 ) ) )
none	( call SW.listValue ( call SW.filter ( call SW.getProperty ( call SW.singleton en.recipe ) ( string ! type ) ) ( string cooking_time ) ( string = ) ( call SW.getProperty en.recipe.rice_pudding ( string preparation_time ) ) ) )
none	( call SW.listValue ( call SW.filter ( call SW.getProperty ( call SW.singleton en.recipe ) ( string ! type ) ) ( call SW.ensureNumericProperty ( string cooking_time ) ) ( string <= ) ( call SW.ensureNumericEntity ( call SW.getProperty en.recipe.rice_pudding ( string cooking_time ) ) ) ) )
none	( call SW.listValue ( call SW.filter ( call SW.filter ( call SW.getProperty ( call SW.singleton en.recipe ) ( string ! type ) ) ( string requires ) ( string = ) en.ingredient.milk ) ( string posting_date ) ( string = ) ( date 2004 -1 -1 ) ) )
none	( call SW.listValue ( call SW.filter ( call SW.getProperty ( call SW.singleton en.recipe ) ( string ! type ) ) ( call SW.ensureNumericProperty ( string posting_date ) ) ( string >= ) ( call SW.ensureNumericEntity ( date 2004 -1 -1 ) ) ) )
none	( call SW.listValue ( call SW.countComparative ( call SW.getProperty ( call SW.singleton en.recipe ) ( string ! type ) ) ( string meal ) ( string < ) ( number 2 ) ( call SW.getProperty ( call SW.singleton en.meal ) ( string ! type ) ) ) )
none	( call SW.listValue ( call SW.filter ( call SW.filter ( call SW.getProperty ( call SW.singleton en.recipe ) ( string ! type ) ) ( string meal ) ( string = ) en.meal.lunch ) ( string meal ) ( string = ) en.meal.lunch ) )
none	( call SW.listValue ( call SW.filter ( call SW.getProperty ( call SW.singleton en.meal ) ( string ! type ) ) ( call SW.reverse ( string meal ) ) ( string = ) ( call SW.filter ( call SW.getProperty ( call SW.singleton en.recipe ) ( string ! type ) ) ( string requires ) ( string = ) en.ingredient.milk ) ) )
none	( call SW.listValue ( call SW.countComparative ( call SW.getProperty ( call SW.singleton en.meal ) ( string ! type ) ) ( call SW.reverse ( string meal ) ) ( string >= ) ( number 2 ) ( call SW.getProperty ( call SW.singleton en.recipe ) ( string ! type ) ) ) )
none	( call SW.listValue ( call SW.countComparative ( call SW.getProperty ( call SW.singleton en.meal ) ( string ! type ) ) ( call SW.reverse ( string meal ) ) ( string < ) ( number 2 ) ( call SW.getProperty ( call SW.singleton en.recipe ) ( string ! type ) ) ) )
none	( call SW.listValue ( call SW.filter ( call SW.getProperty ( call SW.singleton en.recipe ) ( string ! type ) ) ( string preparation_time ) ( string = ) ( call SW.getProperty en.recipe.rice_pudding ( string cooking_time ) ) ) )
none	( call SW.listValue ( call SW.filter ( call SW.getProperty ( call SW.singleton en.recipe ) ( string ! type ) ) ( call SW.ensureNumericProperty ( string cooking_time ) ) ( string < ) ( call SW.ensureNumericEntity ( call SW.getProperty en.recipe.rice_pudding ( string cooking_time ) ) ) ) )
none	( call SW.listValue ( call SW.countSuperlative ( call SW.getProperty ( call SW.singleton en.meal ) ( string ! type ) ) ( string max ) ( call SW.reverse ( string meal ) ) ( call SW.getProperty ( call SW.singleton en.recipe ) ( string ! type ) ) ) )
none	( call SW.listValue ( call SW.filter ( call SW.getProperty ( call SW.singleton en.recipe ) ( string ! type ) ) ( call SW.ensureNumericProperty ( string posting_date ) ) ( string <= ) ( call SW.ensureNumericEntity ( call SW.concat ( date 2004 -1 -1 ) ( date 2010 -1 -1 ) ) ) ) )
none	( call SW.listValue ( call SW.filter ( call SW.filter ( call SW.getProperty ( call SW.singleton en.recipe ) ( string ! type ) ) ( string meal ) ( string = ) en.meal.lunch ) ( string requires ) ( string = ) en.ingredient.milk ) )
none	( call SW.listValue ( call SW.filter ( call SW.getProperty ( call SW.singleton en.recipe ) ( string ! type ) ) ( call SW.ensureNumericProperty ( string posting_date ) ) ( string >= ) ( call SW.ensureNumericEntity ( call SW.concat ( date 2004 -1 -1 ) ( date 2010 -1 -1 ) ) ) ) )
none	( call SW.listValue ( call SW.countComparative ( call SW.getProperty ( call SW.singleton en.recipe ) ( string ! type ) ) ( string meal ) ( string <= ) ( number 2 ) ( call SW.getProperty ( call SW.singleton en.meal ) ( string ! type ) ) ) )
none	( call SW.listValue ( call SW.countComparative ( call SW.getProperty ( call SW.singleton en.recipe ) ( string ! type ) ) ( string meal ) ( string >= ) ( number 2 ) ( call SW.getProperty ( call SW.singleton en.meal ) ( string ! type ) ) ) )
none	( call SW.listValue ( call SW.filter ( call SW.getProperty ( call SW.singleton en.recipe ) ( string ! type ) ) ( call SW.ensureNumericProperty ( string posting_date ) ) ( string > ) ( call SW.ensureNumericEntity ( date 2004 -1 -1 ) ) ) )
none	( call SW.listValue ( call SW.filter ( call SW.getProperty ( call SW.singleton en.ingredient ) ( string ! type ) ) ( call SW.reverse ( string requires ) ) ( string = ) ( call SW.filter ( call SW.getProperty ( call SW.singleton en.recipe ) ( string ! type ) ) ( string requires ) ( string = ) en.ingredient.milk ) ) )
none	( call SW.listValue ( call SW.filter ( call SW.filter ( call SW.getProperty ( call SW.singleton en.recipe ) ( string ! type ) ) ( string posting_date ) ( string = ) ( date 2004 -1 -1 ) ) ( string requires ) ( string = ) en.ingredient.milk ) )
none	( call SW.listValue ( call SW.filter ( call SW.filter ( call SW.getProperty ( call SW.singleton en.recipe ) ( string ! type ) ) ( string requires ) ( string = ) en.ingredient.milk ) ( string meal ) ( string = ) en.meal.lunch ) )
none	( call SW.listValue ( call SW.filter ( call SW.getProperty ( call SW.singleton en.recipe ) ( string ! type ) ) ( call SW.ensureNumericProperty ( string cooking_time ) ) ( string >= ) ( call SW.ensureNumericEntity ( call SW.getProperty en.recipe.rice_pudding ( string cooking_time ) ) ) ) )
none	( call SW.listValue ( call SW.countSuperlative ( call SW.getProperty ( call SW.singleton en.recipe ) ( string ! type ) ) ( string max ) ( string meal ) ( call SW.getProperty ( call SW.singleton en.meal ) ( string ! type ) ) ) )
none	( call SW.listValue ( call SW.countComparative ( call SW.getProperty ( call SW.singleton en.recipe ) ( string ! type ) ) ( string meal ) ( string > ) ( number 2 ) ( call SW.getProperty ( call SW.singleton en.meal ) ( string ! type ) ) ) )
none	( call SW.listValue ( call SW.filter ( call SW.getProperty ( call SW.singleton en.recipe ) ( string ! type ) ) ( call SW.ensureNumericProperty ( string posting_date ) ) ( string < ) ( call SW.ensureNumericEntity ( date 2004 -1 -1 ) ) ) )
none	( call SW.listValue ( call SW.countComparative ( call SW.getProperty ( call SW.singleton en.meal ) ( string ! type ) ) ( call SW.reverse ( string meal ) ) ( string <= ) ( number 2 ) ( call SW.getProperty ( call SW.singleton en.recipe ) ( string ! type ) ) ) )
none	( call SW.listValue ( call SW.filter ( call SW.getProperty ( call SW.singleton en.ingredient ) ( string ! type ) ) ( call SW.reverse ( string requires ) ) ( string = ) ( call SW.filter ( call SW.getProperty ( call SW.singleton en.recipe ) ( string ! type ) ) ( string meal ) ( string = ) en.meal.lunch ) ) )
none	( call SW.listValue ( call SW.filter ( call SW.filter ( call SW.getProperty ( call SW.singleton en.recipe ) ( string ! type ) ) ( string requires ) ( string = ) en.ingredient.milk ) ( string requires ) ( string = ) en.ingredient.milk ) )
none	( call SW.listValue ( call SW.filter ( call SW.getProperty ( call SW.singleton en.recipe ) ( string ! type ) ) ( string cooking_time ) ( string = ) ( call SW.getProperty en.recipe.rice_pudding ( string cooking_time ) ) ) )
none	( call SW.listValue ( call SW.countComparative ( call SW.getProperty ( call SW.singleton en.ingredient ) ( string ! type ) ) ( call SW.reverse ( string requires ) ) ( string >= ) ( number 2 ) ( call SW.getProperty ( call SW.singleton en.recipe ) ( string ! type ) ) ) )
none	( call SW.listValue ( call SW.countSuperlative ( call SW.getProperty ( call SW.singleton en.ingredient ) ( string ! type ) ) ( string max ) ( call SW.reverse ( string requires ) ) ( call SW.getProperty ( call SW.singleton en.recipe ) ( string ! type ) ) ) )
none	( call SW.listValue ( call SW.countComparative ( call SW.getProperty ( call SW.singleton en.recipe ) ( string ! type ) ) ( string cuisine ) ( string >= ) ( number 2 ) ) )
none	( call SW.listValue ( call SW.countSuperlative ( call SW.getProperty ( call SW.singleton en.recipe ) ( string ! type ) ) ( string min ) ( string meal ) ( call SW.getProperty ( call SW.singleton en.meal ) ( string ! type ) ) ) )
none	( call SW.listValue ( call SW.countComparative ( call SW.getProperty ( call SW.singleton en.meal ) ( string ! type ) ) ( call SW.reverse ( string meal ) ) ( string > ) ( number 2 ) ( call SW.getProperty ( call SW.singleton en.recipe ) ( string ! type ) ) ) )
none	( call SW.listValue ( call SW.countComparative ( call SW.getProperty ( call SW.singleton en.recipe ) ( string ! type ) ) ( string meal ) ( string = ) ( number 2 ) ( call SW.getProperty ( call SW.singleton en.meal ) ( string ! type ) ) ) )
none	( call SW.listValue ( call SW.filter ( call SW.getProperty ( call SW.singleton en.recipe ) ( string ! type ) ) ( call SW.ensureNumericProperty ( string posting_date ) ) ( string <= ) ( call SW.ensureNumericEntity ( date 2004 -1 -1 ) ) ) )
none	( call SW.listValue ( call SW.countComparative ( call SW.getProperty ( call SW.singleton en.meal ) ( string ! type ) ) ( call SW.reverse ( string meal ) ) ( string = ) ( number 2 ) ( call SW.getProperty ( call SW.singleton en.recipe ) ( string ! type ) ) ) )
none	( call SW.listValue ( call SW.filter ( call SW.getProperty ( call SW.singleton en.recipe ) ( string ! type ) ) ( string cuisine ) ( string = ) ( call SW.getProperty en.recipe.rice_pudding ( string cuisine ) ) ) )
none	( call SW.listValue ( call SW.countComparative ( call SW.getProperty ( call SW.singleton en.recipe ) ( string ! type ) ) ( string requires ) ( string < ) ( number 2 ) ( call SW.getProperty ( call SW.singleton en.ingredient ) ( string ! type ) ) ) )
none	( call SW.listValue ( call SW.countSuperlative ( call SW.getProperty ( call SW.singleton en.recipe ) ( string ! type ) ) ( string max ) ( string requires ) ( call SW.getProperty ( call SW.singleton en.ingredient ) ( string ! type ) ) ) )
none	( call SW.listValue ( call SW.countComparative ( call SW.getProperty ( call SW.singleton en.ingredient ) ( string ! type ) ) ( call SW.reverse ( string requires ) ) ( string < ) ( number 2 ) ( call SW.getProperty ( call SW.singleton en.recipe ) ( string ! type ) ) ) )
none	( call SW.listValue ( call SW.superlative ( call SW.getProperty ( call SW.singleton en.recipe ) ( string ! type ) ) ( string min ) ( call SW.ensureNumericProperty ( string preparation_time ) ) ) )
none	( call SW.listValue ( call SW.filter ( call SW.getProperty ( call SW.singleton en.recipe ) ( string ! type ) ) ( string requires ) ( string = ) ( call SW.concat en.ingredient.milk en.ingredient.spinach ) ) )
none	( call SW.listValue ( call SW.superlative ( call SW.getProperty ( call SW.singleton en.recipe ) ( string ! type ) ) ( string min ) ( call SW.ensureNumericProperty ( string posting_date ) ) ) )
none	( call SW.listValue ( call SW.filter ( call SW.getProperty ( call SW.singleton en.meal ) ( string ! type ) ) ( call SW.reverse ( string meal ) ) ( string = ) ( call SW.concat en.recipe.rice_pudding en.recipe.quiche ) ) )
none	( call SW.listValue ( call SW.filter ( call SW.getProperty ( call SW.singleton en.recipe ) ( string ! type ) ) ( string posting_date ) ( string ! = ) ( date 2004 -1 -1 ) ) )
none	( call SW.listValue ( call SW.filter ( call SW.getProperty ( call SW.singleton en.recipe ) ( string ! type ) ) ( string posting_date ) ( string = ) ( call SW.concat ( date 2004 -1 -1 ) ( date 2010 -1 -1 ) ) ) )
none	( call SW.listValue ( call SW.countComparative ( call SW.getProperty ( call SW.singleton en.ingredient ) ( string ! type ) ) ( call SW.reverse ( string requires ) ) ( string <= ) ( number 2 ) ( call SW.getProperty ( call SW.singleton en.recipe ) ( string ! type ) ) ) )
none	( call SW.listValue ( call SW.filter ( call SW.getProperty ( call SW.singleton en.meal ) ( string ! type ) ) ( call SW.reverse ( string meal ) ) ( string ! = ) en.recipe.rice_pudding ) )
none	( call SW.listValue ( call SW.filter ( call SW.getProperty ( call SW.singleton en.meal ) ( string ! type ) ) ( call SW.reverse ( string meal ) ) ( string = ) en.recipe.rice_pudding ) )
none	( call SW.listValue ( call SW.filter ( call SW.getProperty ( call SW.singleton en.ingredient ) ( string ! type ) ) ( call SW.reverse ( string requires ) ) ( string = ) ( call SW.concat en.recipe.rice_pudding en.recipe.quiche ) ) )
none	( call SW.listValue ( call SW.filter ( call SW.getProperty ( call SW.singleton en.recipe ) ( string ! type ) ) ( string meal ) ( string ! = ) en.meal.lunch ) )
none	( call SW.listValue ( call SW.countComparative ( call SW.getProperty ( call SW.singleton en.recipe ) ( string ! type ) ) ( string requires ) ( string <= ) ( number 2 ) ( call SW.getProperty ( call SW.singleton en.ingredient ) ( string ! type ) ) ) )
none	( call SW.listValue ( call SW.superlative ( call SW.getProperty ( call SW.singleton en.recipe ) ( string ! type ) ) ( string min ) ( call SW.ensureNumericProperty ( string cooking_time ) ) ) )
none	( call SW.listValue ( call SW.countComparative ( call SW.getProperty ( call SW.singleton en.recipe ) ( string ! type ) ) ( string requires ) ( string > ) ( number 2 ) ( call SW.getProperty ( call SW.singleton en.ingredient ) ( string ! type ) ) ) )
none	( call SW.listValue ( call SW.filter ( call SW.getProperty ( call SW.singleton en.recipe ) ( string ! type ) ) ( string posting_date ) ( string = ) ( date 2004 -1 -1 ) ) )
none	( call SW.listValue ( call SW.filter ( call SW.getProperty ( call SW.singleton en.recipe ) ( string ! type ) ) ( string meal ) ( string = ) en.meal.lunch ) )
none	( call SW.listValue ( call SW.countComparative ( call SW.getProperty ( call SW.singleton en.recipe ) ( string ! type ) ) ( string requires ) ( string >= ) ( number 2 ) ( call SW.getProperty ( call SW.singleton en.ingredient ) ( string ! type ) ) ) )
none	( call SW.listValue ( call SW.filter ( call SW.getProperty ( call SW.singleton en.recipe ) ( string ! type ) ) ( string meal ) ( string = ) ( call SW.concat en.meal.lunch en.meal.dinner ) ) )
none	( call SW.listValue ( call SW.countSuperlative ( call SW.getProperty ( call SW.singleton en.meal ) ( string ! type ) ) ( string min ) ( call SW.reverse ( string meal ) ) ( call SW.getProperty ( call SW.singleton en.recipe ) ( string ! type ) ) ) )
none	( call SW.listValue ( call SW.countComparative ( call SW.getProperty ( call SW.singleton en.recipe ) ( string ! type ) ) ( string requires ) ( string = ) ( number 2 ) ( call SW.getProperty ( call SW.singleton en.ingredient ) ( string ! type ) ) ) )
none	( call SW.listValue ( call SW.countComparative ( call SW.getProperty ( call SW.singleton en.recipe ) ( string ! type ) ) ( string cuisine ) ( string <= ) ( number 2 ) ) )
none	( call SW.listValue ( call SW.superlative ( call SW.getProperty ( call SW.singleton en.recipe ) ( string ! type ) ) ( string max ) ( call SW.ensureNumericProperty ( string preparation_time ) ) ) )
none	( call SW.listValue ( call SW.filter ( call SW.getProperty ( call SW.singleton en.ingredient ) ( string ! type ) ) ( call SW.reverse ( string requires ) ) ( string = ) en.recipe.rice_pudding ) )
none	( call SW.listValue ( call SW.countSuperlative ( call SW.getProperty ( call SW.singleton en.recipe ) ( string ! type ) ) ( string min ) ( string requires ) ( call SW.getProperty ( call SW.singleton en.ingredient ) ( string ! type ) ) ) )
none	( call SW.listValue ( call SW.countComparative ( call SW.getProperty ( call SW.singleton en.recipe ) ( string ! type ) ) ( string cuisine ) ( string > ) ( number 2 ) ) )
none	( call SW.listValue ( call SW.superlative ( call SW.getProperty ( call SW.singleton en.recipe ) ( string ! type ) ) ( string max ) ( call SW.ensureNumericProperty ( string posting_date ) ) ) )
none	( call SW.listValue ( call SW.countComparative ( call SW.getProperty ( call SW.singleton en.ingredient ) ( string ! type ) ) ( call SW.reverse ( string requires ) ) ( string = ) ( number 2 ) ( call SW.getProperty ( call SW.singleton en.recipe ) ( string ! type ) ) ) )
none	( call SW.listValue ( call SW.countComparative ( call SW.getProperty ( call SW.singleton en.recipe ) ( string ! type ) ) ( string cuisine ) ( string = ) ( number 2 ) ) )
none	( call SW.listValue ( call SW.countComparative ( call SW.getProperty ( call SW.singleton en.ingredient ) ( string ! type ) ) ( call SW.reverse ( string requires ) ) ( string > ) ( number 2 ) ( call SW.getProperty ( call SW.singleton en.recipe ) ( string ! type ) ) ) )
none	( call SW.listValue ( call SW.countComparative ( call SW.getProperty ( call SW.singleton en.recipe ) ( string ! type ) ) ( string cuisine ) ( string < ) ( number 2 ) ) )
none	( call SW.listValue ( call SW.aggregate ( string avg ) ( call SW.getProperty ( call SW.getProperty ( call SW.singleton en.recipe ) ( string ! type ) ) ( string preparation_time ) ) ) )
none	( call SW.listValue ( call SW.filter ( call SW.getProperty ( call SW.singleton en.recipe ) ( string ! type ) ) ( string requires ) ( string ! = ) en.ingredient.milk ) )
none	( call SW.listValue ( call SW.filter ( call SW.getProperty ( call SW.singleton en.ingredient ) ( string ! type ) ) ( call SW.reverse ( string requires ) ) ( string ! = ) en.recipe.rice_pudding ) )
none	( call SW.listValue ( call SW.countSuperlative ( call SW.getProperty ( call SW.singleton en.recipe ) ( string ! type ) ) ( string min ) ( string cuisine ) ) )
none	( call SW.listValue ( call SW.countSuperlative ( call SW.getProperty ( call SW.singleton en.ingredient ) ( string ! type ) ) ( string min ) ( call SW.reverse ( string requires ) ) ( call SW.getProperty ( call SW.singleton en.recipe ) ( string ! type ) ) ) )
none	( call SW.listValue ( call SW.countSuperlative ( call SW.getProperty ( call SW.singleton en.recipe ) ( string ! type ) ) ( string max ) ( string cuisine ) ) )
none	( call SW.listValue ( call SW.aggregate ( string sum ) ( call SW.getProperty ( call SW.getProperty ( call SW.singleton en.recipe ) ( string ! type ) ) ( string preparation_time ) ) ) )
none	( call SW.listValue ( call SW.filter ( call SW.getProperty ( call SW.singleton en.recipe ) ( string ! type ) ) ( string requires ) ( string = ) en.ingredient.milk ) )
none	( call SW.listValue ( call SW.getProperty en.recipe.rice_pudding ( string preparation_time ) ) )
none	( call SW.listValue ( call SW.aggregate ( string sum ) ( call SW.getProperty ( call SW.getProperty ( call SW.singleton en.recipe ) ( string ! type ) ) ( string cooking_time ) ) ) )
none	( call SW.listValue ( call SW.superlative ( call SW.getProperty ( call SW.singleton en.recipe ) ( string ! type ) ) ( string max ) ( call SW.ensureNumericProperty ( string cooking_time ) ) ) )
none	( call SW.listValue ( call SW.getProperty en.recipe.rice_pudding ( string posting_date ) ) )
none	( call SW.listValue ( call SW.aggregate ( string avg ) ( call SW.getProperty ( call SW.getProperty ( call SW.singleton en.recipe ) ( string ! type ) ) ( string cooking_time ) ) ) )
none	( call SW.listValue ( call SW.getProperty en.recipe.rice_pudding ( string cooking_time ) ) )
none	( call SW.listValue ( call .size ( call SW.getProperty ( call SW.singleton en.recipe ) ( string ! type ) ) ) )
none	( call SW.listValue ( call .size ( call SW.getProperty ( call SW.singleton en.meal ) ( string ! type ) ) ) )
none	( call SW.listValue ( call SW.concat en.recipe.rice_pudding en.recipe.quiche ) )
none	( call SW.listValue ( call SW.getProperty en.recipe.rice_pudding ( string cuisine ) ) )
none	( call SW.listValue ( call SW.concat en.ingredient.milk en.ingredient.spinach ) )
none	( call SW.listValue ( call .size ( call SW.getProperty ( call SW.singleton en.ingredient ) ( string ! type ) ) ) )
none	( call SW.listValue ( call SW.concat ( date 2004 -1 -1 ) ( date 2010 -1 -1 ) ) )
none	( call SW.listValue ( call SW.concat en.meal.lunch en.meal.dinner ) )
none	( call SW.listValue ( call SW.concat ( date 2010 -1 -1 ) ( date 2004 -1 -1 ) ) )
none	( call SW.listValue ( call SW.concat en.ingredient.spinach en.ingredient.milk ) )
none	( call SW.listValue ( call SW.concat en.meal.dinner en.meal.lunch ) )
none	( call SW.listValue ( call SW.concat en.recipe.quiche en.recipe.rice_pudding ) )
none	( call SW.listValue ( call SW.filter ( call SW.filter ( call SW.getProperty ( call SW.singleton en.ingredient ) ( string ! type ) ) ( call SW.reverse ( string requires ) ) ( string = ) en.recipe.quiche ) ( call SW.reverse ( string requires ) ) ( string = ) en.recipe.quiche ) )
none	( call SW.listValue ( call SW.filter ( call SW.filter ( call SW.getProperty ( call SW.singleton en.meal ) ( string ! type ) ) ( call SW.reverse ( string meal ) ) ( string = ) en.recipe.quiche ) ( call SW.reverse ( string meal ) ) ( string = ) en.recipe.quiche ) )
none	( call SW.listValue ( call SW.filter ( call SW.filter ( call SW.getProperty ( call SW.singleton en.recipe ) ( string ! type ) ) ( string meal ) ( string = ) en.meal.dinner ) ( string meal ) ( string = ) en.meal.dinner ) )
none	( call SW.listValue ( call SW.filter ( call SW.filter ( call SW.getProperty ( call SW.singleton en.recipe ) ( string ! type ) ) ( string meal ) ( string = ) en.meal.dinner ) ( string posting_date ) ( string = ) ( date 2010 -1 -1 ) ) )
none	( call SW.listValue ( call SW.filter ( call SW.filter ( call SW.getProperty ( call SW.singleton en.recipe ) ( string ! type ) ) ( string meal ) ( string = ) en.meal.dinner ) ( string requires ) ( string = ) en.ingredient.spinach ) )
none	( call SW.listValue ( call SW.filter ( call SW.filter ( call SW.getProperty ( call SW.singleton en.recipe ) ( string ! type ) ) ( string posting_date ) ( string = ) ( date 2010 -1 -1 ) ) ( call SW.reverse ( string cooking_time ) ) ( string = ) en.recipe.quiche ) )
none	( call SW.listValue ( call SW.filter ( call SW.filter ( call SW.getProperty ( call SW.singleton en.recipe ) ( string ! type ) ) ( string posting_date ) ( string = ) ( date 2010 -1 -1 ) ) ( call SW.reverse ( string cuisine ) ) ( string = ) en.recipe.quiche ) )
none	( call SW.listValue ( call SW.filter ( call SW.filter ( call SW.getProperty ( call SW.singleton en.recipe ) ( string ! type ) ) ( string posting_date ) ( string = ) ( date 2010 -1 -1 ) ) ( call SW.reverse ( string meal ) ) ( string = ) en.recipe.quiche ) )
none	( call SW.listValue ( call SW.filter ( call SW.filter ( call SW.getProperty ( call SW.singleton en.recipe ) ( string ! type ) ) ( string posting_date ) ( string = ) ( date 2010 -1 -1 ) ) ( call SW.reverse ( string posting_date ) ) ( string = ) en.recipe.quiche ) )
none	( call SW.listValue ( call SW.filter ( call SW.filter ( call SW.getProperty ( call SW.singleton en.recipe ) ( string ! type ) ) ( string posting_date ) ( string = ) ( date 2010 -1 -1 ) ) ( call SW.reverse ( string preparation_time ) ) ( string = ) en.recipe.quiche ) )
none	( call SW.listValue ( call SW.filter ( call SW.filter ( call SW.getProperty ( call SW.singleton en.recipe ) ( string ! type ) ) ( string posting_date ) ( string = ) ( date 2010 -1 -1 ) ) ( call SW.reverse ( string requires ) ) ( string = ) en.recipe.quiche ) )
none	( call SW.listValue ( call SW.filter ( call SW.filter ( call SW.getProperty ( call SW.singleton en.recipe ) ( string ! type ) ) ( string posting_date ) ( string = ) ( date 2010 -1 -1 ) ) ( string meal ) ( string = ) en.meal.dinner ) )
none	( call SW.listValue ( call SW.filter ( call SW.filter ( call SW.getProperty ( call SW.singleton en.recipe ) ( string ! type ) ) ( string posting_date ) ( string = ) ( date 2010 -1 -1 ) ) ( string posting_date ) ( string = ) ( date 2010 -1 -1 ) ) )
none	( call SW.listValue ( call SW.filter ( call SW.filter ( call SW.getProperty ( call SW.singleton en.recipe ) ( string ! type ) ) ( string posting_date ) ( string = ) ( date 2010 -1 -1 ) ) ( string requires ) ( string = ) en.ingredient.spinach ) )
none	( call SW.listValue ( call SW.filter ( call SW.filter ( call SW.getProperty ( call SW.singleton en.recipe ) ( string ! type ) ) ( string requires ) ( string = ) en.ingredient.spinach ) ( string meal ) ( string = ) en.meal.dinner ) )
none	( call SW.listValue ( call SW.filter ( call SW.filter ( call SW.getProperty ( call SW.singleton en.recipe ) ( string ! type ) ) ( string requires ) ( string = ) en.ingredient.spinach ) ( string posting_date ) ( string = ) ( date 2010 -1 -1 ) ) )
none	( call SW.listValue ( call SW.filter ( call SW.filter ( call SW.getProperty ( call SW.singleton en.recipe ) ( string ! type ) ) ( string requires ) ( string = ) en.ingredient.spinach ) ( string requires ) ( string = ) en.ingredient.spinach ) )
none	( call SW.listValue ( call SW.filter ( call SW.getProperty ( call SW.singleton en.ingredient ) ( string ! type ) ) ( call SW.reverse ( string requires ) ) ( string = ) ( call SW.concat en.recipe.quiche en.recipe.rice_pudding ) ) )
none	( call SW.listValue ( call SW.filter ( call SW.getProperty ( call SW.singleton en.ingredient ) ( string ! type ) ) ( call SW.reverse ( string requires ) ) ( string = ) ( call SW.filter ( call SW.getProperty ( call SW.singleton en.recipe ) ( string ! type ) ) ( string meal ) ( string = ) en.meal.dinner ) ) )
none	( call SW.listValue ( call SW.filter ( call SW.getProperty ( call SW.singleton en.ingredient ) ( string ! type ) ) ( call SW.reverse ( string requires ) ) ( string = ) ( call SW.filter ( call SW.getProperty ( call SW.singleton en.recipe ) ( string ! type ) ) ( string posting_date ) ( string = ) ( date 2010 -1 -1 ) ) ) )
none	( call SW.listValue ( call SW.filter ( call SW.getProperty ( call SW.singleton en.ingredient ) ( string ! type ) ) ( call SW.reverse ( string requires ) ) ( string = ) ( call SW.filter ( call SW.getProperty ( call SW.singleton en.recipe ) ( string ! type ) ) ( string requires ) ( string = ) en.ingredient.spinach ) ) )
none	( call SW.listValue ( call SW.filter ( call SW.getProperty ( call SW.singleton en.ingredient ) ( string ! type ) ) ( call SW.reverse ( string requires ) ) ( string = ) en.recipe.quiche ) )
none	( call SW.listValue ( call SW.filter ( call SW.getProperty ( call SW.singleton en.ingredient ) ( string ! type ) ) ( call SW.reverse ( string requires ) ) ( string ! = ) en.recipe.quiche ) )
none	( call SW.listValue ( call SW.filter ( call SW.getProperty ( call SW.singleton en.meal ) ( string ! type ) ) ( call SW.reverse ( string meal ) ) ( string = ) ( call SW.concat en.recipe.quiche en.recipe.rice_pudding ) ) )
none	( call SW.listValue ( call SW.filter ( call SW.getProperty ( call SW.singleton en.meal ) ( string ! type ) ) ( call SW.reverse ( string meal ) ) ( string = ) ( call SW.filter ( call SW.getProperty ( call SW.singleton en.recipe ) ( string ! type ) ) ( string meal ) ( string = ) en.meal.dinner ) ) )
none	( call SW.listValue ( call SW.filter ( call SW.getProperty ( call SW.singleton en.meal ) ( string ! type ) ) ( call SW.reverse ( string meal ) ) ( string = ) ( call SW.filter ( call SW.getProperty ( call SW.singleton en.recipe ) ( string ! type ) ) ( string posting_date ) ( string = ) ( date 2010 -1 -1 ) ) ) )
none	( call SW.listValue ( call SW.filter ( call SW.getProperty ( call SW.singleton en.meal ) ( string ! type ) ) ( call SW.reverse ( string meal ) ) ( string = ) ( call SW.filter ( call SW.getProperty ( call SW.singleton en.recipe ) ( string ! type ) ) ( string requires ) ( string = ) en.ingredient.spinach ) ) )
none	( call SW.listValue ( call SW.filter ( call SW.getProperty ( call SW.singleton en.meal ) ( string ! type ) ) ( call SW.reverse ( string meal ) ) ( string = ) en.recipe.quiche ) )
none	( call SW.listValue ( call SW.filter ( call SW.getProperty ( call SW.singleton en.meal ) ( string ! type ) ) ( call SW.reverse ( string meal ) ) ( string ! = ) en.recipe.quiche ) )
none	( call SW.listValue ( call SW.filter ( call SW.getProperty ( call SW.singleton en.recipe ) ( string ! type ) ) ( call SW.ensureNumericProperty ( string cooking_time ) ) ( string <= ) ( call SW.ensureNumericEntity ( call SW.getProperty en.recipe.quiche ( string cooking_time ) ) ) ) )
none	( call SW.listValue ( call SW.filter ( call SW.getProperty ( call SW.singleton en.recipe ) ( string ! type ) ) ( call SW.ensureNumericProperty ( string cooking_time ) ) ( string < ) ( call SW.ensureNumericEntity ( call SW.getProperty en.recipe.quiche ( string cooking_time ) ) ) ) )
none	( call SW.listValue ( call SW.filter ( call SW.getProperty ( call SW.singleton en.recipe ) ( string ! type ) ) ( call SW.ensureNumericProperty ( string cooking_time ) ) ( string >= ) ( call SW.ensureNumericEntity ( call SW.getProperty en.recipe.quiche ( string cooking_time ) ) ) ) )
none	( call SW.listValue ( call SW.filter ( call SW.getProperty ( call SW.singleton en.recipe ) ( string ! type ) ) ( call SW.ensureNumericProperty ( string cooking_time ) ) ( string > ) ( call SW.ensureNumericEntity ( call SW.getProperty en.recipe.quiche ( string cooking_time ) ) ) ) )
none	( call SW.listValue ( call SW.filter ( call SW.getProperty ( call SW.singleton en.recipe ) ( string ! type ) ) ( call SW.ensureNumericProperty ( string cooking_time ) ) ( string <= ) ( call SW.ensureNumericEntity ( call SW.getProperty en.recipe.quiche ( string preparation_time ) ) ) ) )
none	( call SW.listValue ( call SW.filter ( call SW.getProperty ( call SW.singleton en.recipe ) ( string ! type ) ) ( call SW.ensureNumericProperty ( string cooking_time ) ) ( string < ) ( call SW.ensureNumericEntity ( call SW.getProperty en.recipe.quiche ( string preparation_time ) ) ) ) )
none	( call SW.listValue ( call SW.filter ( call SW.getProperty ( call SW.singleton en.recipe ) ( string ! type ) ) ( call SW.ensureNumericProperty ( string cooking_time ) ) ( string >= ) ( call SW.ensureNumericEntity ( call SW.getProperty en.recipe.quiche ( string preparation_time ) ) ) ) )
none	( call SW.listValue ( call SW.filter ( call SW.getProperty ( call SW.singleton en.recipe ) ( string ! type ) ) ( call SW.ensureNumericProperty ( string cooking_time ) ) ( string > ) ( call SW.ensureNumericEntity ( call SW.getProperty en.recipe.quiche ( string preparation_time ) ) ) ) )
none	( call SW.listValue ( call SW.filter ( call SW.getProperty ( call SW.singleton en.recipe ) ( string ! type ) ) ( call SW.ensureNumericProperty ( string posting_date ) ) ( string <= ) ( call SW.ensureNumericEntity ( call SW.concat ( date 2010 -1 -1 ) ( date 2004 -1 -1 ) ) ) ) )
none	( call SW.listValue ( call SW.filter ( call SW.getProperty ( call SW.singleton en.recipe ) ( string ! type ) ) ( call SW.ensureNumericProperty ( string posting_date ) ) ( string < ) ( call SW.ensureNumericEntity ( call SW.concat ( date 2010 -1 -1 ) ( date 2004 -1 -1 ) ) ) ) )
none	( call SW.listValue ( call SW.filter ( call SW.getProperty ( call SW.singleton en.recipe ) ( string ! type ) ) ( call SW.ensureNumericProperty ( string posting_date ) ) ( string >= ) ( call SW.ensureNumericEntity ( call SW.concat ( date 2010 -1 -1 ) ( date 2004 -1 -1 ) ) ) ) )
none	( call SW.listValue ( call SW.filter ( call SW.getProperty ( call SW.singleton en.recipe ) ( string ! type ) ) ( call SW.ensureNumericProperty ( string posting_date ) ) ( string > ) ( call SW.ensureNumericEntity ( call SW.concat ( date 2010 -1 -1 ) ( date 2004 -1 -1 ) ) ) ) )
none	( call SW.listValue ( call SW.filter ( call SW.getProperty ( call SW.singleton en.recipe ) ( string ! type ) ) ( call SW.ensureNumericProperty ( string posting_date ) ) ( string <= ) ( call SW.ensureNumericEntity ( call SW.getProperty en.recipe.quiche ( string posting_date ) ) ) ) )
none	( call SW.listValue ( call SW.filter ( call SW.getProperty ( call SW.singleton en.recipe ) ( string ! type ) ) ( call SW.ensureNumericProperty ( string posting_date ) ) ( string < ) ( call SW.ensureNumericEntity ( call SW.getProperty en.recipe.quiche ( string posting_date ) ) ) ) )
none	( call SW.listValue ( call SW.filter ( call SW.getProperty ( call SW.singleton en.recipe ) ( string ! type ) ) ( call SW.ensureNumericProperty ( string posting_date ) ) ( string >= ) ( call SW.ensureNumericEntity ( call SW.getProperty en.recipe.quiche ( string posting_date ) ) ) ) )
none	( call SW.listValue ( call SW.filter ( call SW.getProperty ( call SW.singleton en.recipe ) ( string ! type ) ) ( call SW.ensureNumericProperty ( string posting_date ) ) ( string > ) ( call SW.ensureNumericEntity ( call SW.getProperty en.recipe.quiche ( string posting_date ) ) ) ) )
none	( call SW.listValue ( call SW.filter ( call SW.getProperty ( call SW.singleton en.recipe ) ( string ! type ) ) ( call SW.ensureNumericProperty ( string posting_date ) ) ( string <= ) ( call SW.ensureNumericEntity ( date 2010 -1 -1 ) ) ) )
none	( call SW.listValue ( call SW.filter ( call SW.getProperty ( call SW.singleton en.recipe ) ( string ! type ) ) ( call SW.ensureNumericProperty ( string posting_date ) ) ( string < ) ( call SW.ensureNumericEntity ( date 2010 -1 -1 ) ) ) )
none	( call SW.listValue ( call SW.filter ( call SW.getProperty ( call SW.singleton en.recipe ) ( string ! type ) ) ( call SW.ensureNumericProperty ( string posting_date ) ) ( string >= ) ( call SW.ensureNumericEntity ( date 2010 -1 -1 ) ) ) )
none	( call SW.listValue ( call SW.filter ( call SW.getProperty ( call SW.singleton en.recipe ) ( string ! type ) ) ( call SW.ensureNumericProperty ( string posting_date ) ) ( string > ) ( call SW.ensureNumericEntity ( date 2010 -1 -1 ) ) ) )
none	( call SW.listValue ( call SW.filter ( call SW.getProperty ( call SW.singleton en.recipe ) ( string ! type ) ) ( call SW.ensureNumericProperty ( string preparation_time ) ) ( string <= ) ( call SW.ensureNumericEntity ( call SW.getProperty en.recipe.quiche ( string cooking_time ) ) ) ) )
none	( call SW.listValue ( call SW.filter ( call SW.getProperty ( call SW.singleton en.recipe ) ( string ! type ) ) ( call SW.ensureNumericProperty ( string preparation_time ) ) ( string < ) ( call SW.ensureNumericEntity ( call SW.getProperty en.recipe.quiche ( string cooking_time ) ) ) ) )
none	( call SW.listValue ( call SW.filter ( call SW.getProperty ( call SW.singleton en.recipe ) ( string ! type ) ) ( call SW.ensureNumericProperty ( string preparation_time ) ) ( string >= ) ( call SW.ensureNumericEntity ( call SW.getProperty en.recipe.quiche ( string cooking_time ) ) ) ) )
none	( call SW.listValue ( call SW.filter ( call SW.getProperty ( call SW.singleton en.recipe ) ( string ! type ) ) ( call SW.ensureNumericProperty ( string preparation_time ) ) ( string > ) ( call SW.ensureNumericEntity ( call SW.getProperty en.recipe.quiche ( string cooking_time ) ) ) ) )
none	( call SW.listValue ( call SW.filter ( call SW.getProperty ( call SW.singleton en.recipe ) ( string ! type ) ) ( call SW.ensureNumericProperty ( string preparation_time ) ) ( string <= ) ( call SW.ensureNumericEntity ( call SW.getProperty en.recipe.quiche ( string preparation_time ) ) ) ) )
none	( call SW.listValue ( call SW.filter ( call SW.getProperty ( call SW.singleton en.recipe ) ( string ! type ) ) ( call SW.ensureNumericProperty ( string preparation_time ) ) ( string < ) ( call SW.ensureNumericEntity ( call SW.getProperty en.recipe.quiche ( string preparation_time ) ) ) ) )
none	( call SW.listValue ( call SW.filter ( call SW.getProperty ( call SW.singleton en.recipe ) ( string ! type ) ) ( call SW.ensureNumericProperty ( string preparation_time ) ) ( string >= ) ( call SW.ensureNumericEntity ( call SW.getProperty en.recipe.quiche ( string preparation_time ) ) ) ) )
none	( call SW.listValue ( call SW.filter ( call SW.getProperty ( call SW.singleton en.recipe ) ( string ! type ) ) ( call SW.ensureNumericProperty ( string preparation_time ) ) ( string > ) ( call SW.ensureNumericEntity ( call SW.getProperty en.recipe.quiche ( string preparation_time ) ) ) ) )
none	( call SW.listValue ( call SW.filter ( call SW.getProperty ( call SW.singleton en.recipe ) ( string ! type ) ) ( string cooking_time ) ( string = ) ( call SW.filter ( call SW.getProperty ( call SW.singleton en.recipe ) ( string ! type ) ) ( string posting_date ) ( string = ) ( date 2010 -1 -1 ) ) ) )
none	( call SW.listValue ( call SW.filter ( call SW.getProperty ( call SW.singleton en.recipe ) ( string ! type ) ) ( string cooking_time ) ( string = ) ( call SW.getProperty en.recipe.quiche ( string cooking_time ) ) ) )
none	( call SW.listValue ( call SW.filter ( call SW.getProperty ( call SW.singleton en.recipe ) ( string ! type ) ) ( string cooking_time ) ( string = ) ( call SW.getProperty en.recipe.quiche ( string preparation_time ) ) ) )
none	( call SW.listValue ( call SW.filter ( call SW.getProperty ( call SW.singleton en.recipe ) ( string ! type ) ) ( string cuisine ) ( string = ) ( call SW.filter ( call SW.getProperty ( call SW.singleton en.recipe ) ( string ! type ) ) ( string posting_date ) ( string = ) ( date 2010 -1 -1 ) ) ) )
none	( call SW.listValue ( call SW.filter ( call SW.getProperty ( call SW.singleton en.recipe ) ( string ! type ) ) ( string cuisine ) ( string = ) ( call SW.getProperty en.recipe.quiche ( string cuisine ) ) ) )
none	( call SW.listValue ( call SW.filter ( call SW.getProperty ( call SW.singleton en.recipe ) ( string ! type ) ) ( string meal ) ( string = ) ( call SW.concat en.meal.dinner en.meal.lunch ) ) )
none	( call SW.listValue ( call SW.filter ( call SW.getProperty ( call SW.singleton en.recipe ) ( string ! type ) ) ( string meal ) ( string = ) ( call SW.filter ( call SW.getProperty ( call SW.singleton en.meal ) ( string ! type ) ) ( call SW.reverse ( string meal ) ) ( string = ) en.recipe.quiche ) ) )
none	( call SW.listValue ( call SW.filter ( call SW.getProperty ( call SW.singleton en.recipe ) ( string ! type ) ) ( string meal ) ( string = ) ( call SW.filter ( call SW.getProperty ( call SW.singleton en.recipe ) ( string ! type ) ) ( string posting_date ) ( string = ) ( date 2010 -1 -1 ) ) ) )
none	( call SW.listValue ( call SW.filter ( call SW.getProperty ( call SW.singleton en.recipe ) ( string ! type ) ) ( string meal ) ( string = ) en.meal.dinner ) )
none	( call SW.listValue ( call SW.filter ( call SW.getProperty ( call SW.singleton en.recipe ) ( string ! type ) ) ( string meal ) ( string ! = ) en.meal.dinner ) )
none	( call SW.listValue ( call SW.filter ( call SW.getProperty ( call SW.singleton en.recipe ) ( string ! type ) ) ( string posting_date ) ( string = ) ( call SW.concat ( date 2010 -1 -1 ) ( date 2004 -1 -1 ) ) ) )
none	( call SW.listValue ( call SW.filter ( call SW.getProperty ( call SW.singleton en.recipe ) ( string ! type ) ) ( string posting_date ) ( string = ) ( call SW.filter ( call SW.getProperty ( call SW.singleton en.recipe ) ( string ! type ) ) ( string posting_date ) ( string = ) ( date 2010 -1 -1 ) ) ) )
none	( call SW.listValue ( call SW.filter ( call SW.getProperty ( call SW.singleton en.recipe ) ( string ! type ) ) ( string posting_date ) ( string = ) ( call SW.getProperty en.recipe.quiche ( string posting_date ) ) ) )
none	( call SW.listValue ( call SW.filter ( call SW.getProperty ( call SW.singleton en.recipe ) ( string ! type ) ) ( string posting_date ) ( string = ) ( date 2010 -1 -1 ) ) )
none	( call SW.listValue ( call SW.filter ( call SW.getProperty ( call SW.singleton en.recipe ) ( string ! type ) ) ( string posting_date ) ( string ! = ) ( date 2010 -1 -1 ) ) )
none	( call SW.listValue ( call SW.filter ( call SW.getProperty ( call SW.singleton en.recipe ) ( string ! type ) ) ( string preparation_time ) ( string = ) ( call SW.filter ( call SW.getProperty ( call SW.singleton en.recipe ) ( string ! type ) ) ( string posting_date ) ( string = ) ( date 2010 -1 -1 ) ) ) )
none	( call SW.listValue ( call SW.filter ( call SW.getProperty ( call SW.singleton en.recipe ) ( string ! type ) ) ( string preparation_time ) ( string = ) ( call SW.getProperty en.recipe.quiche ( string cooking_time ) ) ) )
none	( call SW.listValue ( call SW.filter ( call SW.getProperty ( call SW.singleton en.recipe ) ( string ! type ) ) ( string preparation_time ) ( string = ) ( call SW.getProperty en.recipe.quiche ( string preparation_time ) ) ) )
none	( call SW.listValue ( call SW.filter ( call SW.getProperty ( call SW.singleton en.recipe ) ( string ! type ) ) ( string requires ) ( string = ) ( call SW.concat en.ingredient.spinach en.ingredient.milk ) ) )
none	( call SW.listValue ( call SW.filter ( call SW.getProperty ( call SW.singleton en.recipe ) ( string ! type ) ) ( string requires ) ( string = ) ( call SW.filter ( call SW.getProperty ( call SW.singleton en.ingredient ) ( string ! type ) ) ( call SW.reverse ( string requires ) ) ( string = ) en.recipe.quiche ) ) )
none	( call SW.listValue ( call SW.filter ( call SW.getProperty ( call SW.singleton en.recipe ) ( string ! type ) ) ( string requires ) ( string = ) ( call SW.filter ( call SW.getProperty ( call SW.singleton en.recipe ) ( string ! type ) ) ( string posting_date ) ( string = ) ( date 2010 -1 -1 ) ) ) )
none	( call SW.listValue ( call SW.filter ( call SW.getProperty ( call SW.singleton en.recipe ) ( string ! type ) ) ( string requires ) ( string = ) en.ingredient.spinach ) )
none	( call SW.listValue ( call SW.filter ( call SW.getProperty ( call SW.singleton en.recipe ) ( string ! type ) ) ( string requires ) ( string ! = ) en.ingredient.spinach ) )
none	( call SW.listValue ( call SW.getProperty en.recipe.quiche ( string cooking_time ) ) )
none	( call SW.listValue ( call SW.getProperty en.recipe.quiche ( string cuisine ) ) )
none	( call SW.listValue ( call SW.getProperty en.recipe.quiche ( string posting_date ) ) )
none	( call SW.listValue ( call SW.getProperty en.recipe.quiche ( string preparation_time ) ) )